{
  "v": "5.1.16",
  "fr": 60,
  "ip": 0,
  "op": 181,
  "w": 220,
  "h": 220,
  "nm": "Category",
  "ddd": 0,
  "assets": [
    {
      "id": "comp_0",
      "layers": [
        {
          "ddd": 0,
          "ind": 1,
          "ty": 4,
          "nm": "63",
          "sr": 1,
          "ks": {
            "o": {
              "a": 1,
              "k": [
                {
                  "i": {
                    "x": [
                      0.65
                    ],
                    "y": [
                      1
                    ]
                  },
                  "o": {
                    "x": [
                      0.65
                    ],
                    "y": [
                      0
                    ]
                  },
                  "n": [
                    "0p65_1_0p65_0"
                  ],
                  "t": 91,
                  "s": [
                    100
                  ],
                  "e": [
                    0
                  ]
                },
                {
                  "t": 126
                }
              ],
              "ix": 11
            },
            "r": {
              "a": 0,
              "k": 0,
              "ix": 10
            },
            "p": {
              "a": 1,
              "k": [
                {
                  "i": {
                    "x": 0.35,
                    "y": 1
                  },
                  "o": {
                    "x": 0.35,
                    "y": 0
                  },
                  "n": "0p35_1_0p35_0",
                  "t": 35,
                  "s": [
                    111.214,
                    110.618,
                    0
                  ],
                  "e": [
                    194,
                    152,
                    0
                  ],
                  "to": [
                    13.7976236343384,
                    6.89694023132324,
                    0
                  ],
                  "ti": [
                    -13.7976236343384,
                    -6.89694023132324,
                    0
                  ]
                },
                {
                  "t": 105
                }
              ],
              "ix": 2
            },
            "a": {
              "a": 0,
              "k": [
                4.25,
                4.25,
                0
              ],
              "ix": 1
            },
            "s": {
              "a": 1,
              "k": [
                {
                  "i": {
                    "x": [
                      0.35,
                      0.35,
                      0.833
                    ],
                    "y": [
                      1,
                      1,
                      1
                    ]
                  },
                  "o": {
                    "x": [
                      0.35,
                      0.35,
                      0.167
                    ],
                    "y": [
                      0,
                      0,
                      0
                    ]
                  },
                  "n": [
                    "0p35_1_0p35_0",
                    "0p35_1_0p35_0",
                    "0p833_1_0p167_0"
                  ],
                  "t": 35,
                  "s": [
                    100,
                    100,
                    100
                  ],
                  "e": [
                    40,
                    40,
                    100
                  ]
                },
                {
                  "t": 126
                }
              ],
              "ix": 6
            }
          },
          "ao": 0,
          "shapes": [
            {
              "ty": "gr",
              "it": [
                {
                  "ind": 0,
                  "ty": "sh",
                  "ix": 1,
                  "ks": {
                    "a": 0,
                    "k": {
                      "i": [
                        [
                          -2.209,
                          0
                        ],
                        [
                          0,
                          0
                        ],
                        [
                          0,
                          -2.209
                        ],
                        [
                          2.209,
                          0
                        ],
                        [
                          0,
                          2.209
                        ]
                      ],
                      "o": [
                        [
                          0,
                          0
                        ],
                        [
                          2.209,
                          0
                        ],
                        [
                          0,
                          2.209
                        ],
                        [
                          -2.209,
                          0
                        ],
                        [
                          0,
                          -2.209
                        ]
                      ],
                      "v": [
                        [
                          0,
                          -4
                        ],
                        [
                          0,
                          -4
                        ],
                        [
                          4,
                          0
                        ],
                        [
                          0,
                          4
                        ],
                        [
                          -4,
                          0
                        ]
                      ],
                      "c": true
                    },
                    "ix": 2
                  },
                  "nm": "Path 1",
                  "mn": "ADBE Vector Shape - Group",
                  "hd": false
                },
                {
                  "ty": "fl",
                  "c": {
                    "a": 0,
                    "k": [
                      0.078000005086,
                      0.13300000359,
                      0.224000010771,
                      1
                    ],
                    "ix": 4
                  },
                  "o": {
                    "a": 0,
                    "k": 100,
                    "ix": 5
                  },
                  "r": 1,
                  "nm": "Fill 1",
                  "mn": "ADBE Vector Graphic - Fill",
                  "hd": false
                },
                {
                  "ty": "tr",
                  "p": {
                    "a": 0,
                    "k": [
                      4.25,
                      4.25
                    ],
                    "ix": 2
                  },
                  "a": {
                    "a": 0,
                    "k": [
                      0,
                      0
                    ],
                    "ix": 1
                  },
                  "s": {
                    "a": 0,
                    "k": [
                      100,
                      100
                    ],
                    "ix": 3
                  },
                  "r": {
                    "a": 0,
                    "k": 0,
                    "ix": 6
                  },
                  "o": {
                    "a": 0,
                    "k": 100,
                    "ix": 7
                  },
                  "sk": {
                    "a": 0,
                    "k": 0,
                    "ix": 4
                  },
                  "sa": {
                    "a": 0,
                    "k": 0,
                    "ix": 5
                  },
                  "nm": "Transform"
                }
              ],
              "nm": "Group 1",
              "np": 2,
              "cix": 2,
              "ix": 1,
              "mn": "ADBE Vector Group",
              "hd": false
            }
          ],
          "ip": 35,
          "op": 1183,
          "st": -33,
          "bm": 0
        },
        {
          "ddd": 0,
          "ind": 2,
          "ty": 4,
          "nm": "62",
          "sr": 1,
          "ks": {
            "o": {
              "a": 1,
              "k": [
                {
                  "i": {
                    "x": [
                      0.65
                    ],
                    "y": [
                      1
                    ]
                  },
                  "o": {
                    "x": [
                      0.65
                    ],
                    "y": [
                      0
                    ]
                  },
                  "n": [
                    "0p65_1_0p65_0"
                  ],
                  "t": 91,
                  "s": [
                    100
                  ],
                  "e": [
                    0
                  ]
                },
                {
                  "t": 126
                }
              ],
              "ix": 11
            },
            "r": {
              "a": 1,
              "k": [
                {
                  "i": {
                    "x": [
                      0.35
                    ],
                    "y": [
                      1
                    ]
                  },
                  "o": {
                    "x": [
                      0.35
                    ],
                    "y": [
                      0
                    ]
                  },
                  "n": [
                    "0p35_1_0p35_0"
                  ],
                  "t": 35,
                  "s": [
                    720
                  ],
                  "e": [
                    0
                  ]
                },
                {
                  "t": 105
                }
              ],
              "ix": 10
            },
            "p": {
              "a": 1,
              "k": [
                {
                  "i": {
                    "x": 0.35,
                    "y": 1
                  },
                  "o": {
                    "x": 0.35,
                    "y": 0
                  },
                  "n": "0p35_1_0p35_0",
                  "t": 35,
                  "s": [
                    111.214,
                    110.618,
                    0
                  ],
                  "e": [
                    190,
                    68,
                    0
                  ],
                  "to": [
                    13.1309576034546,
                    -7.10305976867676,
                    0
                  ],
                  "ti": [
                    -13.1309576034546,
                    7.10305976867676,
                    0
                  ]
                },
                {
                  "t": 105
                }
              ],
              "ix": 2
            },
            "a": {
              "a": 0,
              "k": [
                3.25,
                3.25,
                0
              ],
              "ix": 1
            },
            "s": {
              "a": 1,
              "k": [
                {
                  "i": {
                    "x": [
                      0.35,
                      0.35,
                      0.833
                    ],
                    "y": [
                      1,
                      1,
                      1
                    ]
                  },
                  "o": {
                    "x": [
                      0.35,
                      0.35,
                      0.167
                    ],
                    "y": [
                      0,
                      0,
                      0
                    ]
                  },
                  "n": [
                    "0p35_1_0p35_0",
                    "0p35_1_0p35_0",
                    "0p833_1_0p167_0"
                  ],
                  "t": 35,
                  "s": [
                    100,
                    100,
                    100
                  ],
                  "e": [
                    40,
                    40,
                    100
                  ]
                },
                {
                  "t": 126
                }
              ],
              "ix": 6
            }
          },
          "ao": 0,
          "shapes": [
            {
              "ty": "gr",
              "it": [
                {
                  "ind": 0,
                  "ty": "sh",
                  "ix": 1,
                  "ks": {
                    "a": 0,
                    "k": {
                      "i": [
                        [
                          0,
                          0
                        ],
                        [
                          0,
                          0
                        ],
                        [
                          0,
                          0
                        ],
                        [
                          0,
                          0
                        ]
                      ],
                      "o": [
                        [
                          0,
                          0
                        ],
                        [
                          0,
                          0
                        ],
                        [
                          0,
                          0
                        ],
                        [
                          0,
                          0
                        ]
                      ],
                      "v": [
                        [
                          -3,
                          -3
                        ],
                        [
                          3,
                          -3
                        ],
                        [
                          3,
                          3
                        ],
                        [
                          -3,
                          3
                        ]
                      ],
                      "c": true
                    },
                    "ix": 2
                  },
                  "nm": "Path 1",
                  "mn": "ADBE Vector Shape - Group",
                  "hd": false
                },
                {
                  "ty": "fl",
                  "c": {
                    "a": 0,
                    "k": [
                      0.078000005086,
                      0.13300000359,
                      0.224000010771,
                      1
                    ],
                    "ix": 4
                  },
                  "o": {
                    "a": 0,
                    "k": 100,
                    "ix": 5
                  },
                  "r": 1,
                  "nm": "Fill 1",
                  "mn": "ADBE Vector Graphic - Fill",
                  "hd": false
                },
                {
                  "ty": "tr",
                  "p": {
                    "a": 0,
                    "k": [
                      3.25,
                      3.25
                    ],
                    "ix": 2
                  },
                  "a": {
                    "a": 0,
                    "k": [
                      0,
                      0
                    ],
                    "ix": 1
                  },
                  "s": {
                    "a": 0,
                    "k": [
                      100,
                      100
                    ],
                    "ix": 3
                  },
                  "r": {
                    "a": 0,
                    "k": 0,
                    "ix": 6
                  },
                  "o": {
                    "a": 0,
                    "k": 100,
                    "ix": 7
                  },
                  "sk": {
                    "a": 0,
                    "k": 0,
                    "ix": 4
                  },
                  "sa": {
                    "a": 0,
                    "k": 0,
                    "ix": 5
                  },
                  "nm": "Transform"
                }
              ],
              "nm": "Group 1",
              "np": 2,
              "cix": 2,
              "ix": 1,
              "mn": "ADBE Vector Group",
              "hd": false
            }
          ],
          "ip": 35,
          "op": 1183,
          "st": -33,
          "bm": 0
        },
        {
          "ddd": 0,
          "ind": 3,
          "ty": 4,
          "nm": "61",
          "sr": 1,
          "ks": {
            "o": {
              "a": 1,
              "k": [
                {
                  "i": {
                    "x": [
                      0.65
                    ],
                    "y": [
                      1
                    ]
                  },
                  "o": {
                    "x": [
                      0.65
                    ],
                    "y": [
                      0
                    ]
                  },
                  "n": [
                    "0p65_1_0p65_0"
                  ],
                  "t": 91,
                  "s": [
                    100
                  ],
                  "e": [
                    0
                  ]
                },
                {
                  "t": 126
                }
              ],
              "ix": 11
            },
            "r": {
              "a": 0,
              "k": 0,
              "ix": 10
            },
            "p": {
              "a": 1,
              "k": [
                {
                  "i": {
                    "x": 0.35,
                    "y": 1
                  },
                  "o": {
                    "x": 0.35,
                    "y": 0
                  },
                  "n": "0p35_1_0p35_0",
                  "t": 35,
                  "s": [
                    111.214,
                    110.618,
                    0
                  ],
                  "e": [
                    145,
                    22,
                    0
                  ],
                  "to": [
                    5.63095712661743,
                    -14.7697267532349,
                    0
                  ],
                  "ti": [
                    -5.63095712661743,
                    14.7697267532349,
                    0
                  ]
                },
                {
                  "t": 105
                }
              ],
              "ix": 2
            },
            "a": {
              "a": 0,
              "k": [
                4.25,
                4.25,
                0
              ],
              "ix": 1
            },
            "s": {
              "a": 1,
              "k": [
                {
                  "i": {
                    "x": [
                      0.35,
                      0.35,
                      0.833
                    ],
                    "y": [
                      1,
                      1,
                      1
                    ]
                  },
                  "o": {
                    "x": [
                      0.35,
                      0.35,
                      0.167
                    ],
                    "y": [
                      0,
                      0,
                      0
                    ]
                  },
                  "n": [
                    "0p35_1_0p35_0",
                    "0p35_1_0p35_0",
                    "0p833_1_0p167_0"
                  ],
                  "t": 35,
                  "s": [
                    100,
                    100,
                    100
                  ],
                  "e": [
                    40,
                    40,
                    100
                  ]
                },
                {
                  "t": 126
                }
              ],
              "ix": 6
            }
          },
          "ao": 0,
          "shapes": [
            {
              "ty": "gr",
              "it": [
                {
                  "ind": 0,
                  "ty": "sh",
                  "ix": 1,
                  "ks": {
                    "a": 0,
                    "k": {
                      "i": [
                        [
                          -2.209,
                          0
                        ],
                        [
                          0,
                          0
                        ],
                        [
                          0,
                          -2.209
                        ],
                        [
                          2.209,
                          0
                        ],
                        [
                          0,
                          2.209
                        ]
                      ],
                      "o": [
                        [
                          0,
                          0
                        ],
                        [
                          2.209,
                          0
                        ],
                        [
                          0,
                          2.209
                        ],
                        [
                          -2.209,
                          0
                        ],
                        [
                          0,
                          -2.209
                        ]
                      ],
                      "v": [
                        [
                          0,
                          -4
                        ],
                        [
                          0,
                          -4
                        ],
                        [
                          4,
                          0
                        ],
                        [
                          0,
                          4
                        ],
                        [
                          -4,
                          0
                        ]
                      ],
                      "c": true
                    },
                    "ix": 2
                  },
                  "nm": "Path 1",
                  "mn": "ADBE Vector Shape - Group",
                  "hd": false
                },
                {
                  "ty": "fl",
                  "c": {
                    "a": 0,
                    "k": [
                      0.078000005086,
                      0.13300000359,
                      0.224000010771,
                      1
                    ],
                    "ix": 4
                  },
                  "o": {
                    "a": 0,
                    "k": 100,
                    "ix": 5
                  },
                  "r": 1,
                  "nm": "Fill 1",
                  "mn": "ADBE Vector Graphic - Fill",
                  "hd": false
                },
                {
                  "ty": "tr",
                  "p": {
                    "a": 0,
                    "k": [
                      4.25,
                      4.25
                    ],
                    "ix": 2
                  },
                  "a": {
                    "a": 0,
                    "k": [
                      0,
                      0
                    ],
                    "ix": 1
                  },
                  "s": {
                    "a": 0,
                    "k": [
                      100,
                      100
                    ],
                    "ix": 3
                  },
                  "r": {
                    "a": 0,
                    "k": 0,
                    "ix": 6
                  },
                  "o": {
                    "a": 0,
                    "k": 100,
                    "ix": 7
                  },
                  "sk": {
                    "a": 0,
                    "k": 0,
                    "ix": 4
                  },
                  "sa": {
                    "a": 0,
                    "k": 0,
                    "ix": 5
                  },
                  "nm": "Transform"
                }
              ],
              "nm": "Group 1",
              "np": 2,
              "cix": 2,
              "ix": 1,
              "mn": "ADBE Vector Group",
              "hd": false
            }
          ],
          "ip": 35,
          "op": 1183,
          "st": -33,
          "bm": 0
        },
        {
          "ddd": 0,
          "ind": 4,
          "ty": 4,
          "nm": "60",
          "sr": 1,
          "ks": {
            "o": {
              "a": 1,
              "k": [
                {
                  "i": {
                    "x": [
                      0.65
                    ],
                    "y": [
                      1
                    ]
                  },
                  "o": {
                    "x": [
                      0.65
                    ],
                    "y": [
                      0
                    ]
                  },
                  "n": [
                    "0p65_1_0p65_0"
                  ],
                  "t": 91,
                  "s": [
                    100
                  ],
                  "e": [
                    0
                  ]
                },
                {
                  "t": 126
                }
              ],
              "ix": 11
            },
            "r": {
              "a": 1,
              "k": [
                {
                  "i": {
                    "x": [
                      0.35
                    ],
                    "y": [
                      1
                    ]
                  },
                  "o": {
                    "x": [
                      0.35
                    ],
                    "y": [
                      0
                    ]
                  },
                  "n": [
                    "0p35_1_0p35_0"
                  ],
                  "t": 35,
                  "s": [
                    720
                  ],
                  "e": [
                    0
                  ]
                },
                {
                  "t": 105
                }
              ],
              "ix": 10
            },
            "p": {
              "a": 1,
              "k": [
                {
                  "i": {
                    "x": 0.35,
                    "y": 1
                  },
                  "o": {
                    "x": 0.35,
                    "y": 0
                  },
                  "n": "0p35_1_0p35_0",
                  "t": 35,
                  "s": [
                    111.214,
                    110.618,
                    0
                  ],
                  "e": [
                    75,
                    23,
                    0
                  ],
                  "to": [
                    -6.03570938110352,
                    -14.6030597686768,
                    0
                  ],
                  "ti": [
                    6.03570938110352,
                    14.6030597686768,
                    0
                  ]
                },
                {
                  "t": 105
                }
              ],
              "ix": 2
            },
            "a": {
              "a": 0,
              "k": [
                3.25,
                3.25,
                0
              ],
              "ix": 1
            },
            "s": {
              "a": 1,
              "k": [
                {
                  "i": {
                    "x": [
                      0.35,
                      0.35,
                      0.833
                    ],
                    "y": [
                      1,
                      1,
                      1
                    ]
                  },
                  "o": {
                    "x": [
                      0.35,
                      0.35,
                      0.167
                    ],
                    "y": [
                      0,
                      0,
                      0
                    ]
                  },
                  "n": [
                    "0p35_1_0p35_0",
                    "0p35_1_0p35_0",
                    "0p833_1_0p167_0"
                  ],
                  "t": 35,
                  "s": [
                    100,
                    100,
                    100
                  ],
                  "e": [
                    40,
                    40,
                    100
                  ]
                },
                {
                  "t": 126
                }
              ],
              "ix": 6
            }
          },
          "ao": 0,
          "shapes": [
            {
              "ty": "gr",
              "it": [
                {
                  "ind": 0,
                  "ty": "sh",
                  "ix": 1,
                  "ks": {
                    "a": 0,
                    "k": {
                      "i": [
                        [
                          0,
                          0
                        ],
                        [
                          0,
                          0
                        ],
                        [
                          0,
                          0
                        ],
                        [
                          0,
                          0
                        ]
                      ],
                      "o": [
                        [
                          0,
                          0
                        ],
                        [
                          0,
                          0
                        ],
                        [
                          0,
                          0
                        ],
                        [
                          0,
                          0
                        ]
                      ],
                      "v": [
                        [
                          -3,
                          -3
                        ],
                        [
                          3,
                          -3
                        ],
                        [
                          3,
                          3
                        ],
                        [
                          -3,
                          3
                        ]
                      ],
                      "c": true
                    },
                    "ix": 2
                  },
                  "nm": "Path 1",
                  "mn": "ADBE Vector Shape - Group",
                  "hd": false
                },
                {
                  "ty": "fl",
                  "c": {
                    "a": 0,
                    "k": [
                      0.078000005086,
                      0.13300000359,
                      0.224000010771,
                      1
                    ],
                    "ix": 4
                  },
                  "o": {
                    "a": 0,
                    "k": 100,
                    "ix": 5
                  },
                  "r": 1,
                  "nm": "Fill 1",
                  "mn": "ADBE Vector Graphic - Fill",
                  "hd": false
                },
                {
                  "ty": "tr",
                  "p": {
                    "a": 0,
                    "k": [
                      3.25,
                      3.25
                    ],
                    "ix": 2
                  },
                  "a": {
                    "a": 0,
                    "k": [
                      0,
                      0
                    ],
                    "ix": 1
                  },
                  "s": {
                    "a": 0,
                    "k": [
                      100,
                      100
                    ],
                    "ix": 3
                  },
                  "r": {
                    "a": 0,
                    "k": 0,
                    "ix": 6
                  },
                  "o": {
                    "a": 0,
                    "k": 100,
                    "ix": 7
                  },
                  "sk": {
                    "a": 0,
                    "k": 0,
                    "ix": 4
                  },
                  "sa": {
                    "a": 0,
                    "k": 0,
                    "ix": 5
                  },
                  "nm": "Transform"
                }
              ],
              "nm": "Group 1",
              "np": 2,
              "cix": 2,
              "ix": 1,
              "mn": "ADBE Vector Group",
              "hd": false
            }
          ],
          "ip": 35,
          "op": 1183,
          "st": -33,
          "bm": 0
        },
        {
          "ddd": 0,
          "ind": 5,
          "ty": 4,
          "nm": "59",
          "sr": 1,
          "ks": {
            "o": {
              "a": 1,
              "k": [
                {
                  "i": {
                    "x": [
                      0.65
                    ],
                    "y": [
                      1
                    ]
                  },
                  "o": {
                    "x": [
                      0.65
                    ],
                    "y": [
                      0
                    ]
                  },
                  "n": [
                    "0p65_1_0p65_0"
                  ],
                  "t": 91,
                  "s": [
                    100
                  ],
                  "e": [
                    0
                  ]
                },
                {
                  "t": 126
                }
              ],
              "ix": 11
            },
            "r": {
              "a": 1,
              "k": [
                {
                  "i": {
                    "x": [
                      0.35
                    ],
                    "y": [
                      1
                    ]
                  },
                  "o": {
                    "x": [
                      0.35
                    ],
                    "y": [
                      0
                    ]
                  },
                  "n": [
                    "0p35_1_0p35_0"
                  ],
                  "t": 35,
                  "s": [
                    720
                  ],
                  "e": [
                    0
                  ]
                },
                {
                  "t": 105
                }
              ],
              "ix": 10
            },
            "p": {
              "a": 1,
              "k": [
                {
                  "i": {
                    "x": 0.35,
                    "y": 1
                  },
                  "o": {
                    "x": 0.35,
                    "y": 0
                  },
                  "n": "0p35_1_0p35_0",
                  "t": 35,
                  "s": [
                    111.214,
                    110.618,
                    0
                  ],
                  "e": [
                    32,
                    77.829,
                    0
                  ],
                  "to": [
                    -13.2024097442627,
                    -5.46497440338135,
                    0
                  ],
                  "ti": [
                    13.2024097442627,
                    5.46497440338135,
                    0
                  ]
                },
                {
                  "t": 105
                }
              ],
              "ix": 2
            },
            "a": {
              "a": 0,
              "k": [
                5.907,
                3.078,
                0
              ],
              "ix": 1
            },
            "s": {
              "a": 1,
              "k": [
                {
                  "i": {
                    "x": [
                      0.35,
                      0.35,
                      0.833
                    ],
                    "y": [
                      1,
                      1,
                      1
                    ]
                  },
                  "o": {
                    "x": [
                      0.35,
                      0.35,
                      0.167
                    ],
                    "y": [
                      0,
                      0,
                      0
                    ]
                  },
                  "n": [
                    "0p35_1_0p35_0",
                    "0p35_1_0p35_0",
                    "0p833_1_0p167_0"
                  ],
                  "t": 35,
                  "s": [
                    100,
                    100,
                    100
                  ],
                  "e": [
                    40,
                    40,
                    100
                  ]
                },
                {
                  "t": 126
                }
              ],
              "ix": 6
            }
          },
          "ao": 0,
          "shapes": [
            {
              "ty": "gr",
              "it": [
                {
                  "ind": 0,
                  "ty": "sh",
                  "ix": 1,
                  "ks": {
                    "a": 0,
                    "k": {
                      "i": [
                        [
                          0,
                          0
                        ],
                        [
                          0,
                          0
                        ],
                        [
                          0,
                          0
                        ]
                      ],
                      "o": [
                        [
                          0,
                          0
                        ],
                        [
                          0,
                          0
                        ],
                        [
                          0,
                          0
                        ]
                      ],
                      "v": [
                        [
                          -5.657,
                          -2.829
                        ],
                        [
                          5.657,
                          -2.829
                        ],
                        [
                          0,
                          2.829
                        ]
                      ],
                      "c": true
                    },
                    "ix": 2
                  },
                  "nm": "Path 1",
                  "mn": "ADBE Vector Shape - Group",
                  "hd": false
                },
                {
                  "ty": "fl",
                  "c": {
                    "a": 0,
                    "k": [
                      0.078000005086,
                      0.13300000359,
                      0.224000010771,
                      1
                    ],
                    "ix": 4
                  },
                  "o": {
                    "a": 0,
                    "k": 100,
                    "ix": 5
                  },
                  "r": 1,
                  "nm": "Fill 1",
                  "mn": "ADBE Vector Graphic - Fill",
                  "hd": false
                },
                {
                  "ty": "tr",
                  "p": {
                    "a": 0,
                    "k": [
                      5.907,
                      3.079
                    ],
                    "ix": 2
                  },
                  "a": {
                    "a": 0,
                    "k": [
                      0,
                      0
                    ],
                    "ix": 1
                  },
                  "s": {
                    "a": 0,
                    "k": [
                      100,
                      100
                    ],
                    "ix": 3
                  },
                  "r": {
                    "a": 0,
                    "k": 0,
                    "ix": 6
                  },
                  "o": {
                    "a": 0,
                    "k": 100,
                    "ix": 7
                  },
                  "sk": {
                    "a": 0,
                    "k": 0,
                    "ix": 4
                  },
                  "sa": {
                    "a": 0,
                    "k": 0,
                    "ix": 5
                  },
                  "nm": "Transform"
                }
              ],
              "nm": "Group 1",
              "np": 2,
              "cix": 2,
              "ix": 1,
              "mn": "ADBE Vector Group",
              "hd": false
            }
          ],
          "ip": 35,
          "op": 1183,
          "st": -33,
          "bm": 0
        },
        {
          "ddd": 0,
          "ind": 6,
          "ty": 4,
          "nm": "58",
          "sr": 1,
          "ks": {
            "o": {
              "a": 1,
              "k": [
                {
                  "i": {
                    "x": [
                      0.65
                    ],
                    "y": [
                      1
                    ]
                  },
                  "o": {
                    "x": [
                      0.65
                    ],
                    "y": [
                      0
                    ]
                  },
                  "n": [
                    "0p65_1_0p65_0"
                  ],
                  "t": 91,
                  "s": [
                    100
                  ],
                  "e": [
                    0
                  ]
                },
                {
                  "t": 126
                }
              ],
              "ix": 11
            },
            "r": {
              "a": 0,
              "k": 0,
              "ix": 10
            },
            "p": {
              "a": 1,
              "k": [
                {
                  "i": {
                    "x": 0.35,
                    "y": 1
                  },
                  "o": {
                    "x": 0.35,
                    "y": 0
                  },
                  "n": "0p35_1_0p35_0",
                  "t": 35,
                  "s": [
                    111.214,
                    110.618,
                    0
                  ],
                  "e": [
                    26,
                    156,
                    0
                  ],
                  "to": [
                    -14.2023763656616,
                    7.56360673904419,
                    0
                  ],
                  "ti": [
                    14.2023763656616,
                    -7.56360673904419,
                    0
                  ]
                },
                {
                  "t": 105
                }
              ],
              "ix": 2
            },
            "a": {
              "a": 0,
              "k": [
                4.25,
                4.25,
                0
              ],
              "ix": 1
            },
            "s": {
              "a": 1,
              "k": [
                {
                  "i": {
                    "x": [
                      0.35,
                      0.35,
                      0.833
                    ],
                    "y": [
                      1,
                      1,
                      1
                    ]
                  },
                  "o": {
                    "x": [
                      0.35,
                      0.35,
                      0.167
                    ],
                    "y": [
                      0,
                      0,
                      0
                    ]
                  },
                  "n": [
                    "0p35_1_0p35_0",
                    "0p35_1_0p35_0",
                    "0p833_1_0p167_0"
                  ],
                  "t": 35,
                  "s": [
                    100,
                    100,
                    100
                  ],
                  "e": [
                    40,
                    40,
                    100
                  ]
                },
                {
                  "t": 126
                }
              ],
              "ix": 6
            }
          },
          "ao": 0,
          "shapes": [
            {
              "ty": "gr",
              "it": [
                {
                  "ind": 0,
                  "ty": "sh",
                  "ix": 1,
                  "ks": {
                    "a": 0,
                    "k": {
                      "i": [
                        [
                          -2.209,
                          0
                        ],
                        [
                          0,
                          0
                        ],
                        [
                          0,
                          -2.209
                        ],
                        [
                          2.209,
                          0
                        ],
                        [
                          0,
                          2.209
                        ]
                      ],
                      "o": [
                        [
                          0,
                          0
                        ],
                        [
                          2.209,
                          0
                        ],
                        [
                          0,
                          2.209
                        ],
                        [
                          -2.209,
                          0
                        ],
                        [
                          0,
                          -2.209
                        ]
                      ],
                      "v": [
                        [
                          0,
                          -4
                        ],
                        [
                          0,
                          -4
                        ],
                        [
                          4,
                          0
                        ],
                        [
                          0,
                          4
                        ],
                        [
                          -4,
                          0
                        ]
                      ],
                      "c": true
                    },
                    "ix": 2
                  },
                  "nm": "Path 1",
                  "mn": "ADBE Vector Shape - Group",
                  "hd": false
                },
                {
                  "ty": "fl",
                  "c": {
                    "a": 0,
                    "k": [
                      0.078000005086,
                      0.13300000359,
                      0.224000010771,
                      1
                    ],
                    "ix": 4
                  },
                  "o": {
                    "a": 0,
                    "k": 100,
                    "ix": 5
                  },
                  "r": 1,
                  "nm": "Fill 1",
                  "mn": "ADBE Vector Graphic - Fill",
                  "hd": false
                },
                {
                  "ty": "tr",
                  "p": {
                    "a": 0,
                    "k": [
                      4.25,
                      4.25
                    ],
                    "ix": 2
                  },
                  "a": {
                    "a": 0,
                    "k": [
                      0,
                      0
                    ],
                    "ix": 1
                  },
                  "s": {
                    "a": 0,
                    "k": [
                      100,
                      100
                    ],
                    "ix": 3
                  },
                  "r": {
                    "a": 0,
                    "k": 0,
                    "ix": 6
                  },
                  "o": {
                    "a": 0,
                    "k": 100,
                    "ix": 7
                  },
                  "sk": {
                    "a": 0,
                    "k": 0,
                    "ix": 4
                  },
                  "sa": {
                    "a": 0,
                    "k": 0,
                    "ix": 5
                  },
                  "nm": "Transform"
                }
              ],
              "nm": "Group 1",
              "np": 2,
              "cix": 2,
              "ix": 1,
              "mn": "ADBE Vector Group",
              "hd": false
            }
          ],
          "ip": 35,
          "op": 1183,
          "st": -33,
          "bm": 0
        },
        {
          "ddd": 0,
          "ind": 7,
          "ty": 4,
          "nm": "57",
          "sr": 1,
          "ks": {
            "o": {
              "a": 1,
              "k": [
                {
                  "i": {
                    "x": [
                      0.65
                    ],
                    "y": [
                      1
                    ]
                  },
                  "o": {
                    "x": [
                      0.65
                    ],
                    "y": [
                      0
                    ]
                  },
                  "n": [
                    "0p65_1_0p65_0"
                  ],
                  "t": 91,
                  "s": [
                    100
                  ],
                  "e": [
                    0
                  ]
                },
                {
                  "t": 126
                }
              ],
              "ix": 11
            },
            "r": {
              "a": 1,
              "k": [
                {
                  "i": {
                    "x": [
                      0.35
                    ],
                    "y": [
                      1
                    ]
                  },
                  "o": {
                    "x": [
                      0.35
                    ],
                    "y": [
                      0
                    ]
                  },
                  "n": [
                    "0p35_1_0p35_0"
                  ],
                  "t": 35,
                  "s": [
                    720
                  ],
                  "e": [
                    0
                  ]
                },
                {
                  "t": 95
                }
              ],
              "ix": 10
            },
            "p": {
              "a": 1,
              "k": [
                {
                  "i": {
                    "x": 0.35,
                    "y": 1
                  },
                  "o": {
                    "x": 0.35,
                    "y": 0
                  },
                  "n": "0p35_1_0p35_0",
                  "t": 35,
                  "s": [
                    111.214,
                    110.618,
                    0
                  ],
                  "e": [
                    109.5,
                    199,
                    0
                  ],
                  "to": [
                    -0.28570953011513,
                    14.7302732467651,
                    0
                  ],
                  "ti": [
                    0.28570953011513,
                    -14.7302732467651,
                    0
                  ]
                },
                {
                  "t": 95
                }
              ],
              "ix": 2
            },
            "a": {
              "a": 0,
              "k": [
                5.75,
                3.25,
                0
              ],
              "ix": 1
            },
            "s": {
              "a": 1,
              "k": [
                {
                  "i": {
                    "x": [
                      0.35,
                      0.35,
                      0.833
                    ],
                    "y": [
                      1,
                      1,
                      1
                    ]
                  },
                  "o": {
                    "x": [
                      0.35,
                      0.35,
                      0.167
                    ],
                    "y": [
                      0,
                      0,
                      0
                    ]
                  },
                  "n": [
                    "0p35_1_0p35_0",
                    "0p35_1_0p35_0",
                    "0p833_1_0p167_0"
                  ],
                  "t": 35,
                  "s": [
                    100,
                    100,
                    100
                  ],
                  "e": [
                    40,
                    40,
                    100
                  ]
                },
                {
                  "t": 116
                }
              ],
              "ix": 6
            }
          },
          "ao": 0,
          "shapes": [
            {
              "ty": "gr",
              "it": [
                {
                  "ind": 0,
                  "ty": "sh",
                  "ix": 1,
                  "ks": {
                    "a": 0,
                    "k": {
                      "i": [
                        [
                          0,
                          0
                        ],
                        [
                          0,
                          0
                        ],
                        [
                          0,
                          0
                        ]
                      ],
                      "o": [
                        [
                          0,
                          0
                        ],
                        [
                          0,
                          0
                        ],
                        [
                          0,
                          0
                        ]
                      ],
                      "v": [
                        [
                          5.5,
                          -3
                        ],
                        [
                          -5.5,
                          -3
                        ],
                        [
                          0,
                          3
                        ]
                      ],
                      "c": true
                    },
                    "ix": 2
                  },
                  "nm": "Path 1",
                  "mn": "ADBE Vector Shape - Group",
                  "hd": false
                },
                {
                  "ty": "fl",
                  "c": {
                    "a": 0,
                    "k": [
                      0.078000005086,
                      0.13300000359,
                      0.224000010771,
                      1
                    ],
                    "ix": 4
                  },
                  "o": {
                    "a": 0,
                    "k": 100,
                    "ix": 5
                  },
                  "r": 1,
                  "nm": "Fill 1",
                  "mn": "ADBE Vector Graphic - Fill",
                  "hd": false
                },
                {
                  "ty": "tr",
                  "p": {
                    "a": 0,
                    "k": [
                      5.75,
                      3.25
                    ],
                    "ix": 2
                  },
                  "a": {
                    "a": 0,
                    "k": [
                      0,
                      0
                    ],
                    "ix": 1
                  },
                  "s": {
                    "a": 0,
                    "k": [
                      100,
                      100
                    ],
                    "ix": 3
                  },
                  "r": {
                    "a": 0,
                    "k": 0,
                    "ix": 6
                  },
                  "o": {
                    "a": 0,
                    "k": 100,
                    "ix": 7
                  },
                  "sk": {
                    "a": 0,
                    "k": 0,
                    "ix": 4
                  },
                  "sa": {
                    "a": 0,
                    "k": 0,
                    "ix": 5
                  },
                  "nm": "Transform"
                }
              ],
              "nm": "Group 1",
              "np": 2,
              "cix": 2,
              "ix": 1,
              "mn": "ADBE Vector Group",
              "hd": false
            }
          ],
          "ip": 35,
          "op": 1183,
          "st": -33,
          "bm": 0
        }
      ]
    }
  ],
  "layers": [
    {
      "ddd": 0,
      "ind": 1,
      "ty": 4,
      "nm": "Shape Layer 50",
      "td": 1,
      "sr": 1,
      "ks": {
        "o": {
          "a": 0,
          "k": 100,
          "ix": 11
        },
        "r": {
          "a": 0,
          "k": 0,
          "ix": 10
        },
        "p": {
          "a": 0,
          "k": [
            109.353,
            109.607,
            0
          ],
          "ix": 2
        },
        "a": {
          "a": 0,
          "k": [
            0,
            0,
            0
          ],
          "ix": 1
        },
        "s": {
          "a": 0,
          "k": [
            42.696,
            42.696,
            100
          ],
          "ix": 6
        }
      },
      "ao": 0,
      "shapes": [
        {
          "ty": "gr",
          "it": [
            {
              "ty": "gr",
              "it": [
                {
                  "ind": 0,
                  "ty": "sh",
                  "ix": 1,
                  "ks": {
                    "a": 0,
                    "k": {
                      "i": [
                        [
                          0,
                          0
                        ],
                        [
                          0,
                          0
                        ],
                        [
                          0,
                          0
                        ],
                        [
                          0,
                          0
                        ],
                        [
                          0,
                          0
                        ],
                        [
                          0,
                          0
                        ]
                      ],
                      "o": [
                        [
                          0,
                          0
                        ],
                        [
                          0,
                          0
                        ],
                        [
                          0,
                          0
                        ],
                        [
                          0,
                          0
                        ],
                        [
                          0,
                          0
                        ],
                        [
                          0,
                          0
                        ]
                      ],
                      "v": [
                        [
                          21.79,
                          -125.266
                        ],
                        [
                          -104.582,
                          -2.94
                        ],
                        [
                          -58.636,
                          45.145
                        ],
                        [
                          -5.887,
                          92.997
                        ],
                        [
                          116.236,
                          -32.043
                        ],
                        [
                          116.156,
                          -124.037
                        ]
                      ],
                      "c": true
                    },
                    "ix": 2
                  },
                  "nm": "Path 1",
                  "mn": "ADBE Vector Shape - Group",
                  "hd": false
                },
                {
                  "ty": "mm",
                  "mm": 2,
                  "nm": "Merge Paths 1",
                  "mn": "ADBE Vector Filter - Merge",
                  "hd": false
                },
                {
                  "ty": "rc",
                  "d": 2,
                  "s": {
                    "a": 0,
                    "k": [
                      532,
                      532
                    ],
                    "ix": 2
                  },
                  "p": {
                    "a": 0,
                    "k": [
                      0,
                      0
                    ],
                    "ix": 3
                  },
                  "r": {
                    "a": 0,
                    "k": 20,
                    "ix": 4
                  },
                  "nm": "Rectangle Path 1",
                  "mn": "ADBE Vector Shape - Rect",
                  "hd": false
                },
                {
                  "ty": "st",
                  "c": {
                    "a": 0,
                    "k": [
                      0.07058800342,
                      0.07058800342,
                      0.07058800342,
                      1
                    ],
                    "ix": 3
                  },
                  "o": {
                    "a": 0,
                    "k": 100,
                    "ix": 4
                  },
                  "w": {
                    "a": 0,
                    "k": 0,
                    "ix": 5
                  },
                  "lc": 1,
                  "lj": 1,
                  "ml": 4,
                  "nm": "Stroke 1",
                  "mn": "ADBE Vector Graphic - Stroke",
                  "hd": false
                },
                {
                  "ty": "fl",
                  "c": {
                    "a": 0,
                    "k": [
                      0.117647058824,
                      0.117647058824,
                      0.117647058824,
                      1
                    ],
                    "ix": 4
                  },
                  "o": {
                    "a": 0,
                    "k": 100,
                    "ix": 5
                  },
                  "r": 1,
                  "nm": "Fill 1",
                  "mn": "ADBE Vector Graphic - Fill",
                  "hd": false
                },
                {
                  "ty": "tr",
                  "p": {
                    "a": 0,
                    "k": [
                      0,
                      -0.5
                    ],
                    "ix": 2
                  },
                  "a": {
                    "a": 0,
                    "k": [
                      0,
                      0
                    ],
                    "ix": 1
                  },
                  "s": {
                    "a": 0,
                    "k": [
                      100,
                      100
                    ],
                    "ix": 3
                  },
                  "r": {
                    "a": 0,
                    "k": 0,
                    "ix": 6
                  },
                  "o": {
                    "a": 0,
                    "k": 100,
                    "ix": 7
                  },
                  "sk": {
                    "a": 0,
                    "k": 0,
                    "ix": 4
                  },
                  "sa": {
                    "a": 0,
                    "k": 0,
                    "ix": 5
                  },
                  "nm": "Transform"
                }
              ],
              "nm": "Rectangle 2",
              "np": 5,
              "cix": 2,
              "ix": 1,
              "mn": "ADBE Vector Group",
              "hd": false
            },
            {
              "ty": "st",
              "c": {
                "a": 0,
                "k": [
                  0.07058800342,
                  0.07058800342,
                  0.07058800342,
                  1
                ],
                "ix": 3
              },
              "o": {
                "a": 0,
                "k": 100,
                "ix": 4
              },
              "w": {
                "a": 0,
                "k": 0,
                "ix": 5
              },
              "lc": 1,
              "lj": 1,
              "ml": 4,
              "nm": "Stroke 1",
              "mn": "ADBE Vector Graphic - Stroke",
              "hd": false
            },
            {
              "ty": "fl",
              "c": {
                "a": 0,
                "k": [
                  0.117647058824,
                  0.117647058824,
                  0.117647058824,
                  1
                ],
                "ix": 4
              },
              "o": {
                "a": 0,
                "k": 100,
                "ix": 5
              },
              "r": 1,
              "nm": "Fill 1",
              "mn": "ADBE Vector Graphic - Fill",
              "hd": false
            },
            {
              "ty": "tr",
              "p": {
                "a": 0,
                "k": [
                  0.5,
                  1
                ],
                "ix": 2
              },
              "a": {
                "a": 0,
                "k": [
                  0,
                  0
                ],
                "ix": 1
              },
              "s": {
                "a": 0,
                "k": [
                  100,
                  100
                ],
                "ix": 3
              },
              "r": {
                "a": 0,
                "k": 0,
                "ix": 6
              },
              "o": {
                "a": 0,
                "k": 100,
                "ix": 7
              },
              "sk": {
                "a": 0,
                "k": 0,
                "ix": 4
              },
              "sa": {
                "a": 0,
                "k": 0,
                "ix": 5
              },
              "nm": "Transform"
            }
          ],
          "nm": "Rectangle 1",
          "np": 3,
          "cix": 2,
          "ix": 1,
          "mn": "ADBE Vector Group",
          "hd": false
        }
      ],
      "ip": 35,
      "op": 1183,
      "st": -17,
      "bm": 0
    },
    {
      "ddd": 0,
      "ind": 2,
      "ty": 0,
      "nm": "burst",
      "tt": 1,
      "refId": "comp_0",
      "sr": 1,
      "ks": {
        "o": {
          "a": 0,
          "k": 100,
          "ix": 11
        },
        "r": {
          "a": 0,
          "k": 0,
          "ix": 10
        },
        "p": {
          "a": 0,
          "k": [
            110,
            110,
            0
          ],
          "ix": 2
        },
        "a": {
          "a": 0,
          "k": [
            110,
            110,
            0
          ],
          "ix": 1
        },
        "s": {
          "a": 0,
          "k": [
            100,
            100,
            100
          ],
          "ix": 6
        }
      },
      "ao": 0,
      "w": 220,
      "h": 220,
      "ip": 35,
      "op": 1200,
      "st": 0,
      "bm": 0
    },
    {
      "ddd": 0,
      "ind": 3,
      "ty": 4,
      "nm": "2",
      "sr": 1,
      "ks": {
        "o": {
          "a": 0,
          "k": 100,
          "ix": 11
        },
        "r": {
          "a": 0,
          "k": 0,
          "ix": 10
        },
        "p": {
          "a": 1,
          "k": [
            {
              "i": {
                "x": 0.35,
                "y": 1
              },
              "o": {
                "x": 0.35,
                "y": 0
              },
              "n": "0p35_1_0p35_0",
              "t": 57,
              "s": [
                110.5,
                123,
                0
              ],
              "e": [
                110.5,
                137.5,
                0
              ],
              "to": [
                0,
                2.41666674613953,
                0
              ],
              "ti": [
                0,
                -2.41666674613953,
                0
              ]
            },
            {
              "t": 97
            }
          ],
          "ix": 2
        },
        "a": {
          "a": 0,
          "k": [
            54.5,
            31.5,
            0
          ],
          "ix": 1
        },
        "s": {
          "a": 0,
          "k": [
            100,
            100,
            100
          ],
          "ix": 6
        }
      },
      "ao": 0,
      "shapes": [
        {
          "ty": "gr",
          "it": [
            {
              "ind": 0,
              "ty": "sh",
              "ix": 1,
              "ks": {
                "a": 0,
                "k": {
                  "i": [
                    [
                      0,
                      0
                    ],
                    [
                      0,
                      0
                    ],
                    [
                      0,
                      0
                    ]
                  ],
                  "o": [
                    [
                      0,
                      0
                    ],
                    [
                      0,
                      0
                    ],
                    [
                      0,
                      0
                    ]
                  ],
                  "v": [
                    [
                      49.5,
                      -26.5
                    ],
                    [
                      -4.314,
                      26.5
                    ],
                    [
                      -49.5,
                      -16.709
                    ]
                  ],
                  "c": false
                },
                "ix": 2
              },
              "nm": "Path 1",
              "mn": "ADBE Vector Shape - Group",
              "hd": false
            },
            {
              "ty": "st",
              "c": {
                "a": 0,
                "k": [
                  0,
                  0,
                  0,
                  1
                ],
                "ix": 3
              },
              "o": {
                "a": 0,
                "k": 100,
                "ix": 4
              },
              "w": {
                "a": 0,
                "k": 5,
                "ix": 5
              },
              "lc": 2,
              "lj": 2,
              "nm": "Stroke 1",
              "mn": "ADBE Vector Graphic - Stroke",
              "hd": false
            },
            {
              "ty": "tr",
              "p": {
                "a": 0,
                "k": [
                  54.5,
                  31.5
                ],
                "ix": 2
              },
              "a": {
                "a": 0,
                "k": [
                  0,
                  0
                ],
                "ix": 1
              },
              "s": {
                "a": 0,
                "k": [
                  100,
                  100
                ],
                "ix": 3
              },
              "r": {
                "a": 0,
                "k": 0,
                "ix": 6
              },
              "o": {
                "a": 0,
                "k": 100,
                "ix": 7
              },
              "sk": {
                "a": 0,
                "k": 0,
                "ix": 4
              },
              "sa": {
                "a": 0,
                "k": 0,
                "ix": 5
              },
              "nm": "Transform"
            }
          ],
          "nm": "Group 1",
          "np": 2,
          "cix": 2,
          "ix": 1,
          "mn": "ADBE Vector Group",
          "hd": false
        },
        {
          "ty": "tm",
          "s": {
            "a": 0,
            "k": 0,
            "ix": 1
          },
          "e": {
            "a": 1,
            "k": [
              {
                "i": {
                  "x": [
                    0.35
                  ],
                  "y": [
                    1
                  ]
                },
                "o": {
                  "x": [
                    0.35
                  ],
                  "y": [
                    0
                  ]
                },
                "n": [
                  "0p35_1_0p35_0"
                ],
                "t": 57,
                "s": [
                  84
                ],
                "e": [
                  100
                ]
              },
              {
                "t": 97
              }
            ],
            "ix": 2
          },
          "o": {
            "a": 0,
            "k": 0,
            "ix": 3
          },
          "m": 1,
          "ix": 2,
          "nm": "Trim Paths 1",
          "mn": "ADBE Vector Filter - Trim",
          "hd": false
        }
      ],
      "ip": 57,
      "op": 1392,
      "st": 0,
      "bm": 0
    },
    {
      "ddd": 0,
      "ind": 4,
      "ty": 4,
      "nm": "1",
      "sr": 1,
      "ks": {
        "o": {
          "a": 0,
          "k": 100,
          "ix": 11
        },
        "r": {
          "a": 0,
          "k": 0,
          "ix": 10
        },
        "p": {
          "a": 1,
          "k": [
            {
              "i": {
                "x": 0.65,
                "y": 1
              },
              "o": {
                "x": 0.65,
                "y": 0
              },
              "n": "0p65_1_0p65_0",
              "t": 0,
              "s": [
                92,
                123,
                0
              ],
              "e": [
                112,
                103,
                0
              ],
              "to": [
                3.33333325386047,
                -3.33333325386047,
                0
              ],
              "ti": [
                -3.33333325386047,
                3.33333325386047,
                0
              ]
            },
            {
              "t": 30
            }
          ],
          "ix": 2,
          "x": "var $bm_rt;\nvar damping, elasticity, simulation, speedLimit, elasticity, retard, poids, precision, tempsDebut, tempsRedemarrage, stop, arrete, i, tempsRedemarrage, tempsDebut, temps, frameRedemarre, valeur, tempsClefProx, tempsDebut, tempsDebut, temps, spring, spring;\nvar fx = effect('Transform Spring');\ndamping = fx(2).value;\nelasticity = fx(1).value;\nsimulation = fx(3).value;\nspeedLimit = 0.1;\nif (damping == 0)\n    damping = 0.01;\nif (elasticity == 0)\n    elasticity = 0.01;\nretard = div(elasticity, damping);\npoids = div(div(1, damping), 10);\nprecision = thisComp.frameDuration;\nvar result = value;\nfunction worldVelocity(temps) {\n    var worldVelocityX, worldVelocityY;\n    worldVelocityX = mul(sub(thisLayer.toWorld(thisLayer.anchorPoint, temps)[0], thisLayer.toWorld(thisLayer.anchorPoint, sub(temps, 0.01))[0]), 100);\n    worldVelocityY = mul(sub(thisLayer.toWorld(thisLayer.anchorPoint, temps)[1], thisLayer.toWorld(thisLayer.anchorPoint, sub(temps, 0.01))[1]), 100);\n    return [\n        worldVelocityX,\n        worldVelocityY\n    ];\n}\nfunction worldSpeed(temps) {\n    return length(worldVelocity(temps));\n}\nif (simulation == 2) {\n    tempsDebut = 0;\n    tempsRedemarrage = 0;\n    stop = false;\n    arrete = false;\n    for (i = timeToFrames(time); i >= 0; i--) {\n        var instant = framesToTime(i);\n        var instantSuivant = sub(instant, precision);\n        if (worldSpeed(instant) == 0) {\n            if (tempsRedemarrage == 0)\n                tempsRedemarrage = instant;\n            if (worldSpeed(instantSuivant) != 0) {\n                tempsDebut = instantSuivant;\n                break;\n            }\n        }\n    }\n    temps = sub(time, tempsDebut);\n    frameRedemarre = timeToFrames(sub(time, tempsRedemarrage));\n    valeur = value;\n    if (frameRedemarre <= retard)\n        result = sub(value, mul(mul(worldVelocity(time), poids), div(frameRedemarre, retard)));\n    else\n        result = sub(value, mul(worldVelocity(time), poids));\n    if (worldSpeed(time) == 0) {\n        result = sum(result, mul(worldVelocity(tempsDebut), div(mul(div(0.15, elasticity), Math.sin(mul(mul(mul(elasticity, temps), 2), Math.PI))), Math.exp(mul(temps, damping)))));\n    }\n} else if (numKeys > 1 && elasticity != 0 && nearestKey(time).index != 1 && length(velocity) <= speedLimit) {\n    tempsClefProx = nearestKey(time).time;\n    if (tempsClefProx <= time) {\n        tempsDebut = tempsClefProx;\n    } else {\n        tempsDebut = key(sub(nearestKey(time).index, 1)).time;\n    }\n    temps = sub(time, tempsDebut);\n    spring = mul(velocityAtTime(sub(tempsDebut, thisComp.frameDuration)), div(mul(div(0.15, elasticity), Math.sin(mul(mul(mul(elasticity, temps), 2), Math.PI))), Math.exp(mul(temps, damping))));\n    if (speedLimit > 0)\n        spring = mul(spring, sub(1, div(length(velocity), speedLimit)));\n    result = sum(valueAtTime(tempsDebut), spring);\n}\n$bm_rt = result;"
        },
        "a": {
          "a": 0,
          "k": [
            53,
            52,
            0
          ],
          "ix": 1
        },
        "s": {
          "a": 1,
          "k": [
            {
              "i": {
                "x": [
                  0.65,
                  0.65,
                  0.833
                ],
                "y": [
                  1,
                  1,
                  1
                ]
              },
              "o": {
                "x": [
                  0.65,
                  0.65,
                  0.167
                ],
                "y": [
                  0,
                  0,
                  0
                ]
              },
              "n": [
                "0p65_1_0p65_0",
                "0p65_1_0p65_0",
                "0p833_1_0p167_0"
              ],
              "t": 0,
              "s": [
                80,
                80,
                100
              ],
              "e": [
                100,
                100,
                100
              ]
            },
            {
              "t": 30
            }
          ],
          "ix": 6,
          "x": "var $bm_rt;\nvar damping, elasticity, speedLimit, tempsClefProx, tempsDebut, tempsDebut, temps, spring, spring;\nvar fx = effect('Transform Spring 2');\ndamping = fx(2).value;\nelasticity = fx(1).value;\n$bm_rt = speedLimit = 0.1;\nif (numKeys > 1 && elasticity != 0) {\n    if (nearestKey(time).index == 1) {\n        $bm_rt = value;\n    } else {\n        if (length(velocity) <= speedLimit) {\n            tempsClefProx = nearestKey(time).time;\n            if (tempsClefProx <= time) {\n                tempsDebut = tempsClefProx;\n            } else {\n                tempsDebut = key(sub(nearestKey(time).index, 1)).time;\n            }\n            temps = sub(time, tempsDebut);\n            spring = mul(velocityAtTime(sub(tempsDebut, thisComp.frameDuration)), div(mul(div(0.15, elasticity), Math.sin(mul(mul(mul(elasticity, temps), 2), Math.PI))), Math.exp(mul(temps, damping))));\n            if (speedLimit > 0)\n                spring = mul(spring, sub(1, div(length(velocity), speedLimit)));\n            $bm_rt = sum(valueAtTime(tempsDebut), spring);\n        } else {\n            $bm_rt = value;\n        }\n    }\n} else {\n    $bm_rt = value;\n}"
        }
      },
      "ao": 0,
      "ef": [
        {
          "ty": 5,
          "nm": "Transform Spring",
          "np": 5,
          "mn": "Pseudo/DUIK spatial spring",
          "ix": 1,
          "en": 1,
          "ef": [
            {
              "ty": 0,
              "nm": "Elasticity",
              "mn": "Pseudo/DUIK spatial spring-0001",
              "ix": 1,
              "v": {
                "a": 0,
                "k": 2,
                "ix": 1
              }
            },
            {
              "ty": 0,
              "nm": "Damping",
              "mn": "Pseudo/DUIK spatial spring-0002",
              "ix": 2,
              "v": {
                "a": 0,
                "k": 7,
                "ix": 2
              }
            },
            {
              "ty": 7,
              "nm": "Mode",
              "mn": "Pseudo/DUIK spatial spring-0003",
              "ix": 3,
              "v": {
                "a": 0,
                "k": 1,
                "ix": 3
              }
            }
          ]
        },
        {
          "ty": 5,
          "nm": "Transform Spring 2",
          "np": 4,
          "mn": "Pseudo/DUIK multid spring",
          "ix": 2,
          "en": 1,
          "ef": [
            {
              "ty": 0,
              "nm": "Elasticity",
              "mn": "Pseudo/DUIK multid spring-0001",
              "ix": 1,
              "v": {
                "a": 0,
                "k": 2,
                "ix": 1
              }
            },
            {
              "ty": 0,
              "nm": "Damping",
              "mn": "Pseudo/DUIK multid spring-0002",
              "ix": 2,
              "v": {
                "a": 0,
                "k": 7,
                "ix": 2
              }
            }
          ]
        }
      ],
      "shapes": [
        {
          "ty": "gr",
          "it": [
            {
              "ind": 0,
              "ty": "sh",
              "ix": 1,
              "ks": {
                "a": 0,
                "k": {
                  "i": [
                    [
                      0,
                      0
                    ],
                    [
                      0,
                      0
                    ],
                    [
                      0,
                      0
                    ],
                    [
                      0,
                      0
                    ],
                    [
                      0,
                      0
                    ]
                  ],
                  "o": [
                    [
                      0,
                      0
                    ],
                    [
                      0,
                      0
                    ],
                    [
                      0,
                      0
                    ],
                    [
                      0,
                      0
                    ],
                    [
                      0,
                      0
                    ]
                  ],
                  "v": [
                    [
                      -48,
                      6
                    ],
                    [
                      7,
                      -47
                    ],
                    [
                      48,
                      -47
                    ],
                    [
                      48,
                      -6
                    ],
                    [
                      -6,
                      47
                    ]
                  ],
                  "c": true
                },
                "ix": 2
              },
              "nm": "Path 1",
              "mn": "ADBE Vector Shape - Group",
              "hd": false
            },
            {
              "ty": "st",
              "c": {
                "a": 0,
                "k": [
                  0,
                  0,
                  0,
                  1
                ],
                "ix": 3
              },
              "o": {
                "a": 0,
                "k": 100,
                "ix": 4
              },
              "w": {
                "a": 0,
                "k": 5,
                "ix": 5
              },
              "lc": 2,
              "lj": 2,
              "nm": "Stroke 1",
              "mn": "ADBE Vector Graphic - Stroke",
              "hd": false
            },
            {
              "ty": "tr",
              "p": {
                "a": 0,
                "k": [
                  53,
                  52
                ],
                "ix": 2
              },
              "a": {
                "a": 0,
                "k": [
                  0,
                  0
                ],
                "ix": 1
              },
              "s": {
                "a": 0,
                "k": [
                  100,
                  100
                ],
                "ix": 3
              },
              "r": {
                "a": 0,
                "k": 0,
                "ix": 6
              },
              "o": {
                "a": 0,
                "k": 100,
                "ix": 7
              },
              "sk": {
                "a": 0,
                "k": 0,
                "ix": 4
              },
              "sa": {
                "a": 0,
                "k": 0,
                "ix": 5
              },
              "nm": "Transform"
            }
          ],
          "nm": "Group 1",
          "np": 2,
          "cix": 2,
          "ix": 1,
          "mn": "ADBE Vector Group",
          "hd": false
        },
        {
          "ty": "tm",
          "s": {
            "a": 1,
            "k": [
              {
                "i": {
                  "x": [
                    0.35
                  ],
                  "y": [
                    1
                  ]
                },
                "o": {
                  "x": [
                    0.35
                  ],
                  "y": [
                    0
                  ]
                },
                "n": [
                  "0p35_1_0p35_0"
                ],
                "t": 0,
                "s": [
                  50
                ],
                "e": [
                  0
                ]
              },
              {
                "t": 60
              }
            ],
            "ix": 1
          },
          "e": {
            "a": 1,
            "k": [
              {
                "i": {
                  "x": [
                    0.35
                  ],
                  "y": [
                    1
                  ]
                },
                "o": {
                  "x": [
                    0.35
                  ],
                  "y": [
                    0
                  ]
                },
                "n": [
                  "0p35_1_0p35_0"
                ],
                "t": 0,
                "s": [
                  50
                ],
                "e": [
                  100
                ]
              },
              {
                "t": 60
              }
            ],
            "ix": 2
          },
          "o": {
            "a": 0,
            "k": -36,
            "ix": 3
          },
          "m": 1,
          "ix": 2,
          "nm": "Trim Paths 1",
          "mn": "ADBE Vector Filter - Trim",
          "hd": false
        }
      ],
      "ip": 0,
      "op": 1392,
      "st": 0,
      "bm": 0
    },
    {
      "ddd": 0,
      "ind": 5,
      "ty": 4,
      "nm": "Shape Layer 57",
      "td": 1,
      "sr": 1,
      "ks": {
        "o": {
          "a": 0,
          "k": 100,
          "ix": 11
        },
        "r": {
          "a": 0,
          "k": 0,
          "ix": 10
        },
        "p": {
          "a": 0,
          "k": [
            110,
            110,
            0
          ],
          "ix": 2
        },
        "a": {
          "a": 0,
          "k": [
            0,
            0,
            0
          ],
          "ix": 1
        },
        "s": {
          "a": 0,
          "k": [
            100,
            100,
            100
          ],
          "ix": 6
        }
      },
      "ao": 0,
      "shapes": [
        {
          "ty": "gr",
          "it": [
            {
              "ind": 0,
              "ty": "sh",
              "ix": 1,
              "ks": {
                "a": 0,
                "k": {
                  "i": [
                    [
                      0,
                      0
                    ],
                    [
                      0,
                      0
                    ],
                    [
                      0,
                      0
                    ],
                    [
                      0,
                      0
                    ],
                    [
                      0,
                      0
                    ]
                  ],
                  "o": [
                    [
                      0,
                      0
                    ],
                    [
                      0,
                      0
                    ],
                    [
                      0,
                      0
                    ],
                    [
                      0,
                      0
                    ],
                    [
                      0,
                      0
                    ]
                  ],
                  "v": [
                    [
                      50.5,
                      -54.5
                    ],
                    [
                      9,
                      -53.5
                    ],
                    [
                      -5,
                      -41.5
                    ],
                    [
                      41,
                      -3
                    ],
                    [
                      50.5,
                      -13.5
                    ]
                  ],
                  "c": true
                },
                "ix": 2
              },
              "nm": "Path 1",
              "mn": "ADBE Vector Shape - Group",
              "hd": false
            },
            {
              "ty": "st",
              "c": {
                "a": 0,
                "k": [
                  0.07058800342,
                  0.07058800342,
                  0.07058800342,
                  1
                ],
                "ix": 3
              },
              "o": {
                "a": 0,
                "k": 100,
                "ix": 4
              },
              "w": {
                "a": 0,
                "k": 0,
                "ix": 5
              },
              "lc": 1,
              "lj": 1,
              "ml": 4,
              "nm": "Stroke 1",
              "mn": "ADBE Vector Graphic - Stroke",
              "hd": false
            },
            {
              "ty": "fl",
              "c": {
                "a": 0,
                "k": [
                  0.07058800342,
                  0.07058800342,
                  0.07058800342,
                  1
                ],
                "ix": 4
              },
              "o": {
                "a": 0,
                "k": 100,
                "ix": 5
              },
              "r": 1,
              "nm": "Fill 1",
              "mn": "ADBE Vector Graphic - Fill",
              "hd": false
            },
            {
              "ty": "tr",
              "p": {
                "a": 0,
                "k": [
                  0,
                  0
                ],
                "ix": 2
              },
              "a": {
                "a": 0,
                "k": [
                  0,
                  0
                ],
                "ix": 1
              },
              "s": {
                "a": 0,
                "k": [
                  100,
                  100
                ],
                "ix": 3
              },
              "r": {
                "a": 0,
                "k": 0,
                "ix": 6
              },
              "o": {
                "a": 0,
                "k": 100,
                "ix": 7
              },
              "sk": {
                "a": 0,
                "k": 0,
                "ix": 4
              },
              "sa": {
                "a": 0,
                "k": 0,
                "ix": 5
              },
              "nm": "Transform"
            }
          ],
          "nm": "Shape 1",
          "np": 3,
          "cix": 2,
          "ix": 1,
          "mn": "ADBE Vector Group",
          "hd": false
        }
      ],
      "ip": 0,
      "op": 1200,
      "st": 0,
      "bm": 0
    },
    {
      "ddd": 0,
      "ind": 6,
      "ty": 4,
      "nm": "circle",
      "tt": 1,
      "sr": 1,
      "ks": {
        "o": {
          "a": 0,
          "k": 100,
          "ix": 11
        },
        "r": {
          "a": 0,
          "k": 0,
          "ix": 10
        },
        "p": {
          "a": 1,
          "k": [
            {
              "i": {
                "x": 0.35,
                "y": 1
              },
              "o": {
                "x": 0.35,
                "y": 0
              },
              "n": "0p35_1_0p35_0",
              "t": 57,
              "s": [
                176.5,
                39.5,
                0
              ],
              "e": [
                141.5,
                74.5,
                0
              ],
              "to": [
                -5.83333349227905,
                5.83333349227905,
                0
              ],
              "ti": [
                5.83333349227905,
                -5.83333349227905,
                0
              ]
            },
            {
              "t": 97
            }
          ],
          "ix": 2
        },
        "a": {
          "a": 0,
          "k": [
            11.5,
            11.5,
            0
          ],
          "ix": 1
        },
        "s": {
          "a": 0,
          "k": [
            100,
            100,
            100
          ],
          "ix": 6
        }
      },
      "ao": 0,
      "shapes": [
        {
          "ty": "gr",
          "it": [
            {
              "ind": 0,
              "ty": "sh",
              "ix": 1,
              "ks": {
                "a": 0,
                "k": {
                  "i": [
                    [
                      -3.59,
                      0
                    ],
                    [
                      0,
                      -3.59
                    ],
                    [
                      3.59,
                      0
                    ],
                    [
                      0,
                      3.59
                    ]
                  ],
                  "o": [
                    [
                      3.59,
                      0
                    ],
                    [
                      0,
                      3.59
                    ],
                    [
                      -3.59,
                      0
                    ],
                    [
                      0,
                      -3.59
                    ]
                  ],
                  "v": [
                    [
                      0,
                      -6.5
                    ],
                    [
                      6.5,
                      0
                    ],
                    [
                      0,
                      6.5
                    ],
                    [
                      -6.5,
                      0
                    ]
                  ],
                  "c": true
                },
                "ix": 2
              },
              "nm": "Path 1",
              "mn": "ADBE Vector Shape - Group",
              "hd": false
            },
            {
              "ty": "st",
              "c": {
                "a": 0,
                "k": [
                  0,
                  0,
                  0,
                  1
                ],
                "ix": 3
              },
              "o": {
                "a": 0,
                "k": 100,
                "ix": 4
              },
              "w": {
                "a": 0,
                "k": 5,
                "ix": 5
              },
              "lc": 2,
              "lj": 2,
              "nm": "Stroke 1",
              "mn": "ADBE Vector Graphic - Stroke",
              "hd": false
            },
            {
              "ty": "tr",
              "p": {
                "a": 0,
                "k": [
                  11.5,
                  11.5
                ],
                "ix": 2
              },
              "a": {
                "a": 0,
                "k": [
                  0,
                  0
                ],
                "ix": 1
              },
              "s": {
                "a": 0,
                "k": [
                  100,
                  100
                ],
                "ix": 3
              },
              "r": {
                "a": 0,
                "k": 0,
                "ix": 6
              },
              "o": {
                "a": 0,
                "k": 100,
                "ix": 7
              },
              "sk": {
                "a": 0,
                "k": 0,
                "ix": 4
              },
              "sa": {
                "a": 0,
                "k": 0,
                "ix": 5
              },
              "nm": "Transform"
            }
          ],
          "nm": "Group 1",
          "np": 2,
          "cix": 2,
          "ix": 1,
          "mn": "ADBE Vector Group",
          "hd": false
        }
      ],
      "ip": 57,
      "op": 1392,
      "st": 0,
      "bm": 0
    }
  ],
  "markers": []
}