{"v":"5.7.1","fr":60,"ip":0,"op":240,"w":360,"h":640,"nm":"Comp 1","ddd":0,"assets":[],"fonts":{"list":[{"fName":"Montserrat-Regular","fFamily":"Montserrat","fStyle":"Regular","ascent":74.1989135742188}]},"layers":[{"ddd":0,"ind":1,"ty":4,"nm":"An award winning product from Webkul Software Outlines","sr":1,"ks":{"o":{"a":1,"k":[{"i":{"x":[0.2],"y":[1]},"o":{"x":[0],"y":[0]},"t":144,"s":[0]},{"i":{"x":[0.2],"y":[1]},"o":{"x":[0],"y":[0]},"t":174,"s":[100]},{"i":{"x":[0.2],"y":[1]},"o":{"x":[0],"y":[0]},"t":220,"s":[100]},{"t":240,"s":[0]}],"ix":11},"r":{"a":0,"k":0,"ix":10},"p":{"a":1,"k":[{"i":{"x":0.2,"y":1},"o":{"x":0,"y":0},"t":144,"s":[180,589.52,0],"to":[0,-5.833,0],"ti":[0,5.833,0]},{"t":174,"s":[180,554.52,0]}],"ix":2},"a":{"a":0,"k":[-0.4,6.52,0],"ix":1},"s":{"a":0,"k":[100,100,100],"ix":6}},"ao":0,"shapes":[{"ty":"gr","it":[{"ind":0,"ty":"sh","ix":1,"ks":{"a":0,"k":{"i":[[0,0],[0,0],[0,0],[0,0],[0,0],[0,0],[0,0],[0,0]],"o":[[0,0],[0,0],[0,0],[0,0],[0,0],[0,0],[0,0],[0,0]],"v":[[-96.197,0],[-99.833,-8.4],[-101.501,-8.4],[-105.185,0],[-103.517,0],[-102.773,-1.776],[-98.669,-1.776],[-97.925,0]],"c":true},"ix":2},"nm":"A","mn":"ADBE Vector Shape - Group","hd":false},{"ind":1,"ty":"sh","ix":2,"ks":{"a":0,"k":{"i":[[0,0],[0,0],[0,0]],"o":[[0,0],[0,0],[0,0]],"v":[[-100.709,-6.684],[-99.245,-3.156],[-102.197,-3.156]],"c":true},"ix":2},"nm":"A","mn":"ADBE Vector Shape - Group","hd":false},{"ty":"mm","mm":1,"nm":"Merge Paths 1","mn":"ADBE Vector Filter - Merge","hd":false},{"ty":"fl","c":{"a":0,"k":[0.713729978075,0.713729978075,0.713729978075,1],"ix":4},"o":{"a":0,"k":100,"ix":5},"r":1,"bm":0,"nm":"Fill 1","mn":"ADBE Vector Graphic - Fill","hd":false},{"ty":"tr","p":{"a":0,"k":[0,0],"ix":2},"a":{"a":0,"k":[0,0],"ix":1},"s":{"a":0,"k":[100,100],"ix":3},"r":{"a":0,"k":0,"ix":6},"o":{"a":0,"k":100,"ix":7},"sk":{"a":0,"k":0,"ix":4},"sa":{"a":0,"k":0,"ix":5},"nm":"Transform"}],"nm":"A","np":5,"cix":2,"bm":0,"ix":1,"mn":"ADBE Vector Group","hd":false},{"ty":"gr","it":[{"ind":0,"ty":"sh","ix":1,"ks":{"a":0,"k":{"i":[[0.736,0],[0.44,-0.824],[0,0],[0,0],[0,0],[0,0],[0,0],[-0.3,0.344],[-0.52,0.008],[-0.256,-0.26],[0,-0.448],[0,0],[0,0],[0,0],[0.424,0.444]],"o":[[-1.096,0.016],[0,0],[0,0],[0,0],[0,0],[0,0],[0,-0.536],[0.3,-0.344],[0.44,0],[0.256,0.26],[0,0],[0,0],[0,0],[0,-0.76],[-0.424,-0.444]],"v":[[-90.773,-6.48],[-93.077,-5.22],[-93.077,-6.42],[-94.637,-6.42],[-94.637,0],[-93.077,0],[-93.077,-3.156],[-92.627,-4.476],[-91.397,-5.004],[-90.353,-4.614],[-89.969,-3.552],[-89.969,0],[-88.397,0],[-88.397,-4.008],[-89.033,-5.814]],"c":true},"ix":2},"nm":"n","mn":"ADBE Vector Shape - Group","hd":false},{"ty":"fl","c":{"a":0,"k":[0.713729978075,0.713729978075,0.713729978075,1],"ix":4},"o":{"a":0,"k":100,"ix":5},"r":1,"bm":0,"nm":"Fill 1","mn":"ADBE Vector Graphic - Fill","hd":false},{"ty":"tr","p":{"a":0,"k":[0,0],"ix":2},"a":{"a":0,"k":[0,0],"ix":1},"s":{"a":0,"k":[100,100],"ix":3},"r":{"a":0,"k":0,"ix":6},"o":{"a":0,"k":100,"ix":7},"sk":{"a":0,"k":0,"ix":4},"sa":{"a":0,"k":0,"ix":5},"nm":"Transform"}],"nm":"n","np":3,"cix":2,"bm":0,"ix":2,"mn":"ADBE Vector Group","hd":false},{"ty":"gr","it":[{"ind":0,"ty":"sh","ix":1,"ks":{"a":0,"k":{"i":[[0,0],[0,0],[0.46,0.4],[0.832,0],[0.412,-0.124],[0.504,-0.28],[0,0],[-0.608,0],[-0.248,-0.208],[0,-0.376],[0,0],[0,0],[0.424,-0.34],[0,-0.6],[-0.184,-0.304],[-0.34,-0.172],[-0.448,0],[-0.352,0.144],[-0.224,0.28],[0,0]],"o":[[0,0],[-0.008,-0.72],[-0.46,-0.4],[-0.552,0],[-0.412,0.124],[0,0],[0.664,-0.4],[0.472,0],[0.248,0.208],[0,0],[0,0],[-0.776,0.008],[-0.424,0.34],[0,0.376],[0.184,0.304],[0.34,0.172],[0.456,0],[0.352,-0.144],[0,0],[0,0]],"v":[[-77.177,0],[-77.189,-4.2],[-77.891,-5.88],[-79.829,-6.48],[-81.275,-6.294],[-82.649,-5.688],[-82.085,-4.608],[-80.177,-5.208],[-79.097,-4.896],[-78.725,-4.02],[-78.725,-3.852],[-80.597,-3.852],[-82.397,-3.33],[-83.033,-1.92],[-82.757,-0.9],[-81.971,-0.186],[-80.789,0.072],[-79.577,-0.144],[-78.713,-0.78],[-78.713,0]],"c":true},"ix":2},"nm":"a","mn":"ADBE Vector Shape - Group","hd":false},{"ind":1,"ty":"sh","ix":2,"ks":{"a":0,"k":{"i":[[0.448,0],[0.204,0.16],[0,0.272],[-0.196,0.124],[-0.416,0],[0,0],[0,0],[0.32,-0.212]],"o":[[-0.352,0],[-0.204,-0.16],[0,-0.28],[0.196,-0.124],[0,0],[0,0],[-0.04,0.312],[-0.32,0.212]],"v":[[-80.417,-1.128],[-81.251,-1.368],[-81.557,-2.016],[-81.263,-2.622],[-80.345,-2.808],[-78.725,-2.808],[-78.725,-2.232],[-79.265,-1.446]],"c":true},"ix":2},"nm":"a","mn":"ADBE Vector Shape - Group","hd":false},{"ty":"mm","mm":1,"nm":"Merge Paths 1","mn":"ADBE Vector Filter - Merge","hd":false},{"ty":"fl","c":{"a":0,"k":[0.713729978075,0.713729978075,0.713729978075,1],"ix":4},"o":{"a":0,"k":100,"ix":5},"r":1,"bm":0,"nm":"Fill 1","mn":"ADBE Vector Graphic - Fill","hd":false},{"ty":"tr","p":{"a":0,"k":[0,0],"ix":2},"a":{"a":0,"k":[0,0],"ix":1},"s":{"a":0,"k":[100,100],"ix":3},"r":{"a":0,"k":0,"ix":6},"o":{"a":0,"k":100,"ix":7},"sk":{"a":0,"k":0,"ix":4},"sa":{"a":0,"k":0,"ix":5},"nm":"Transform"}],"nm":"a","np":5,"cix":2,"bm":0,"ix":3,"mn":"ADBE Vector Group","hd":false},{"ty":"gr","it":[{"ind":0,"ty":"sh","ix":1,"ks":{"a":0,"k":{"i":[[0,0],[0,0],[0,0],[0,0],[0,0],[0,0],[0,0],[0,0],[0,0],[0,0],[0,0],[0,0],[0,0]],"o":[[0,0],[0,0],[0,0],[0,0],[0,0],[0,0],[0,0],[0,0],[0,0],[0,0],[0,0],[0,0],[0,0]],"v":[[-73.625,0],[-72.029,0],[-70.505,-4.524],[-68.969,0],[-67.373,0],[-65.045,-6.42],[-66.617,-6.42],[-68.153,-1.572],[-69.701,-6.42],[-71.273,-6.42],[-72.797,-1.572],[-74.369,-6.42],[-75.977,-6.408]],"c":true},"ix":2},"nm":"w","mn":"ADBE Vector Shape - Group","hd":false},{"ty":"fl","c":{"a":0,"k":[0.713729978075,0.713729978075,0.713729978075,1],"ix":4},"o":{"a":0,"k":100,"ix":5},"r":1,"bm":0,"nm":"Fill 1","mn":"ADBE Vector Graphic - Fill","hd":false},{"ty":"tr","p":{"a":0,"k":[0,0],"ix":2},"a":{"a":0,"k":[0,0],"ix":1},"s":{"a":0,"k":[100,100],"ix":3},"r":{"a":0,"k":0,"ix":6},"o":{"a":0,"k":100,"ix":7},"sk":{"a":0,"k":0,"ix":4},"sa":{"a":0,"k":0,"ix":5},"nm":"Transform"}],"nm":"w","np":3,"cix":2,"bm":0,"ix":4,"mn":"ADBE Vector Group","hd":false},{"ty":"gr","it":[{"ind":0,"ty":"sh","ix":1,"ks":{"a":0,"k":{"i":[[0,0],[0,0],[0.46,0.4],[0.832,0],[0.412,-0.124],[0.504,-0.28],[0,0],[-0.608,0],[-0.248,-0.208],[0,-0.376],[0,0],[0,0],[0.424,-0.34],[0,-0.6],[-0.184,-0.304],[-0.34,-0.172],[-0.448,0],[-0.352,0.144],[-0.224,0.28],[0,0]],"o":[[0,0],[-0.008,-0.72],[-0.46,-0.4],[-0.552,0],[-0.412,0.124],[0,0],[0.664,-0.4],[0.472,0],[0.248,0.208],[0,0],[0,0],[-0.776,0.008],[-0.424,0.34],[0,0.376],[0.184,0.304],[0.34,0.172],[0.456,0],[0.352,-0.144],[0,0],[0,0]],"v":[[-58.385,0],[-58.397,-4.2],[-59.099,-5.88],[-61.037,-6.48],[-62.483,-6.294],[-63.857,-5.688],[-63.293,-4.608],[-61.385,-5.208],[-60.305,-4.896],[-59.933,-4.02],[-59.933,-3.852],[-61.805,-3.852],[-63.605,-3.33],[-64.241,-1.92],[-63.965,-0.9],[-63.179,-0.186],[-61.997,0.072],[-60.785,-0.144],[-59.921,-0.78],[-59.921,0]],"c":true},"ix":2},"nm":"a","mn":"ADBE Vector Shape - Group","hd":false},{"ind":1,"ty":"sh","ix":2,"ks":{"a":0,"k":{"i":[[0.448,0],[0.204,0.16],[0,0.272],[-0.196,0.124],[-0.416,0],[0,0],[0,0],[0.32,-0.212]],"o":[[-0.352,0],[-0.204,-0.16],[0,-0.28],[0.196,-0.124],[0,0],[0,0],[-0.04,0.312],[-0.32,0.212]],"v":[[-61.625,-1.128],[-62.459,-1.368],[-62.765,-2.016],[-62.471,-2.622],[-61.553,-2.808],[-59.933,-2.808],[-59.933,-2.232],[-60.473,-1.446]],"c":true},"ix":2},"nm":"a","mn":"ADBE Vector Shape - Group","hd":false},{"ty":"mm","mm":1,"nm":"Merge Paths 1","mn":"ADBE Vector Filter - Merge","hd":false},{"ty":"fl","c":{"a":0,"k":[0.713729978075,0.713729978075,0.713729978075,1],"ix":4},"o":{"a":0,"k":100,"ix":5},"r":1,"bm":0,"nm":"Fill 1","mn":"ADBE Vector Graphic - Fill","hd":false},{"ty":"tr","p":{"a":0,"k":[0,0],"ix":2},"a":{"a":0,"k":[0,0],"ix":1},"s":{"a":0,"k":[100,100],"ix":3},"r":{"a":0,"k":0,"ix":6},"o":{"a":0,"k":100,"ix":7},"sk":{"a":0,"k":0,"ix":4},"sa":{"a":0,"k":0,"ix":5},"nm":"Transform"}],"nm":"a","np":5,"cix":2,"bm":0,"ix":5,"mn":"ADBE Vector Group","hd":false},{"ty":"gr","it":[{"ind":0,"ty":"sh","ix":1,"ks":{"a":0,"k":{"i":[[0.216,-0.416],[0,0],[0,0],[0,0],[0,0],[0,0],[-0.396,0.348],[-0.664,-0.04],[0,0],[0.372,-0.22]],"o":[[0,0],[0,0],[0,0],[0,0],[0,0],[0,-0.592],[0.396,-0.348],[0,0],[-0.496,0.008],[-0.372,0.22]],"v":[[-54.473,-5.184],[-54.473,-6.42],[-56.033,-6.42],[-56.033,0],[-54.473,0],[-54.473,-3.096],[-53.879,-4.506],[-52.289,-4.968],[-52.289,-6.48],[-53.591,-6.138]],"c":true},"ix":2},"nm":"r","mn":"ADBE Vector Shape - Group","hd":false},{"ty":"fl","c":{"a":0,"k":[0.713729978075,0.713729978075,0.713729978075,1],"ix":4},"o":{"a":0,"k":100,"ix":5},"r":1,"bm":0,"nm":"Fill 1","mn":"ADBE Vector Graphic - Fill","hd":false},{"ty":"tr","p":{"a":0,"k":[0,0],"ix":2},"a":{"a":0,"k":[0,0],"ix":1},"s":{"a":0,"k":[100,100],"ix":3},"r":{"a":0,"k":0,"ix":6},"o":{"a":0,"k":100,"ix":7},"sk":{"a":0,"k":0,"ix":4},"sa":{"a":0,"k":0,"ix":5},"nm":"Transform"}],"nm":"r","np":3,"cix":2,"bm":0,"ix":6,"mn":"ADBE Vector Group","hd":false},{"ty":"gr","it":[{"ind":0,"ty":"sh","ix":1,"ks":{"a":0,"k":{"i":[[0,0],[0,0],[0.368,0.192],[0.488,0],[0.46,-0.272],[0.252,-0.492],[0,-0.64],[-0.256,-0.5],[-0.46,-0.276],[-0.608,0],[-0.364,0.188],[-0.232,0.36],[0,0],[0,0],[0,0]],"o":[[0,0],[-0.24,-0.36],[-0.368,-0.192],[-0.592,0],[-0.46,0.272],[-0.252,0.492],[0,0.648],[0.256,0.5],[0.46,0.276],[0.48,0],[0.364,-0.188],[0,0],[0,0],[0,0],[0,0]],"v":[[-45.965,-8.904],[-45.965,-5.364],[-46.877,-6.192],[-48.161,-6.48],[-49.739,-6.072],[-50.807,-4.926],[-51.185,-3.228],[-50.801,-1.506],[-49.727,-0.342],[-48.125,0.072],[-46.859,-0.21],[-45.965,-1.032],[-45.965,0],[-44.405,0],[-44.405,-8.904]],"c":true},"ix":2},"nm":"d","mn":"ADBE Vector Shape - Group","hd":false},{"ind":1,"ty":"sh","ix":2,"ks":{"a":0,"k":{"i":[[0.536,0],[0.336,0.364],[0.008,0.576],[-0.336,0.364],[-0.536,0],[-0.34,-0.364],[0,-0.576],[0.34,-0.364]],"o":[[-0.536,0],[-0.336,-0.364],[0.008,-0.576],[0.336,-0.364],[0.536,0],[0.34,0.364],[0,0.576],[-0.34,0.364]],"v":[[-47.789,-1.236],[-49.097,-1.782],[-49.613,-3.192],[-49.097,-4.602],[-47.789,-5.148],[-46.475,-4.602],[-45.965,-3.192],[-46.475,-1.782]],"c":true},"ix":2},"nm":"d","mn":"ADBE Vector Shape - Group","hd":false},{"ty":"mm","mm":1,"nm":"Merge Paths 1","mn":"ADBE Vector Filter - Merge","hd":false},{"ty":"fl","c":{"a":0,"k":[0.713729978075,0.713729978075,0.713729978075,1],"ix":4},"o":{"a":0,"k":100,"ix":5},"r":1,"bm":0,"nm":"Fill 1","mn":"ADBE Vector Graphic - Fill","hd":false},{"ty":"tr","p":{"a":0,"k":[0,0],"ix":2},"a":{"a":0,"k":[0,0],"ix":1},"s":{"a":0,"k":[100,100],"ix":3},"r":{"a":0,"k":0,"ix":6},"o":{"a":0,"k":100,"ix":7},"sk":{"a":0,"k":0,"ix":4},"sa":{"a":0,"k":0,"ix":5},"nm":"Transform"}],"nm":"d","np":5,"cix":2,"bm":0,"ix":7,"mn":"ADBE Vector Group","hd":false},{"ty":"gr","it":[{"ind":0,"ty":"sh","ix":1,"ks":{"a":0,"k":{"i":[[0,0],[0,0],[0,0],[0,0],[0,0],[0,0],[0,0],[0,0],[0,0],[0,0],[0,0],[0,0],[0,0]],"o":[[0,0],[0,0],[0,0],[0,0],[0,0],[0,0],[0,0],[0,0],[0,0],[0,0],[0,0],[0,0],[0,0]],"v":[[-36.893,0],[-35.297,0],[-33.773,-4.524],[-32.237,0],[-30.641,0],[-28.313,-6.42],[-29.885,-6.42],[-31.421,-1.572],[-32.969,-6.42],[-34.541,-6.42],[-36.065,-1.572],[-37.637,-6.42],[-39.245,-6.408]],"c":true},"ix":2},"nm":"w","mn":"ADBE Vector Shape - Group","hd":false},{"ty":"fl","c":{"a":0,"k":[0.713729978075,0.713729978075,0.713729978075,1],"ix":4},"o":{"a":0,"k":100,"ix":5},"r":1,"bm":0,"nm":"Fill 1","mn":"ADBE Vector Graphic - Fill","hd":false},{"ty":"tr","p":{"a":0,"k":[0,0],"ix":2},"a":{"a":0,"k":[0,0],"ix":1},"s":{"a":0,"k":[100,100],"ix":3},"r":{"a":0,"k":0,"ix":6},"o":{"a":0,"k":100,"ix":7},"sk":{"a":0,"k":0,"ix":4},"sa":{"a":0,"k":0,"ix":5},"nm":"Transform"}],"nm":"w","np":3,"cix":2,"bm":0,"ix":8,"mn":"ADBE Vector Group","hd":false},{"ty":"gr","it":[{"ind":0,"ty":"sh","ix":1,"ks":{"a":0,"k":{"i":[[0,0],[0,0],[0,0],[0,0]],"o":[[0,0],[0,0],[0,0],[0,0]],"v":[[-26.801,0],[-25.241,0],[-25.241,-6.42],[-26.801,-6.42]],"c":true},"ix":2},"nm":"i","mn":"ADBE Vector Shape - Group","hd":false},{"ind":1,"ty":"sh","ix":2,"ks":{"a":0,"k":{"i":[[0.256,0],[0.168,-0.176],[0,-0.272],[-0.168,-0.176],[-0.256,0],[-0.168,0.176],[0,0.264],[0.168,0.176]],"o":[[-0.256,0],[-0.168,0.176],[0,0.264],[0.168,0.176],[0.256,0],[0.168,-0.176],[0,-0.272],[-0.168,-0.176]],"v":[[-26.033,-9.18],[-26.669,-8.916],[-26.921,-8.244],[-26.669,-7.584],[-26.033,-7.32],[-25.397,-7.584],[-25.145,-8.244],[-25.397,-8.916]],"c":true},"ix":2},"nm":"i","mn":"ADBE Vector Shape - Group","hd":false},{"ty":"mm","mm":1,"nm":"Merge Paths 1","mn":"ADBE Vector Filter - Merge","hd":false},{"ty":"fl","c":{"a":0,"k":[0.713729978075,0.713729978075,0.713729978075,1],"ix":4},"o":{"a":0,"k":100,"ix":5},"r":1,"bm":0,"nm":"Fill 1","mn":"ADBE Vector Graphic - Fill","hd":false},{"ty":"tr","p":{"a":0,"k":[0,0],"ix":2},"a":{"a":0,"k":[0,0],"ix":1},"s":{"a":0,"k":[100,100],"ix":3},"r":{"a":0,"k":0,"ix":6},"o":{"a":0,"k":100,"ix":7},"sk":{"a":0,"k":0,"ix":4},"sa":{"a":0,"k":0,"ix":5},"nm":"Transform"}],"nm":"i","np":5,"cix":2,"bm":0,"ix":9,"mn":"ADBE Vector Group","hd":false},{"ty":"gr","it":[{"ind":0,"ty":"sh","ix":1,"ks":{"a":0,"k":{"i":[[0.736,0],[0.44,-0.824],[0,0],[0,0],[0,0],[0,0],[0,0],[-0.3,0.344],[-0.52,0.008],[-0.256,-0.26],[0,-0.448],[0,0],[0,0],[0,0],[0.424,0.444]],"o":[[-1.096,0.016],[0,0],[0,0],[0,0],[0,0],[0,0],[0,-0.536],[0.3,-0.344],[0.44,0],[0.256,0.26],[0,0],[0,0],[0,0],[0,-0.76],[-0.424,-0.444]],"v":[[-18.845,-6.48],[-21.149,-5.22],[-21.149,-6.42],[-22.709,-6.42],[-22.709,0],[-21.149,0],[-21.149,-3.156],[-20.699,-4.476],[-19.469,-5.004],[-18.425,-4.614],[-18.041,-3.552],[-18.041,0],[-16.469,0],[-16.469,-4.008],[-17.105,-5.814]],"c":true},"ix":2},"nm":"n","mn":"ADBE Vector Shape - Group","hd":false},{"ty":"fl","c":{"a":0,"k":[0.713729978075,0.713729978075,0.713729978075,1],"ix":4},"o":{"a":0,"k":100,"ix":5},"r":1,"bm":0,"nm":"Fill 1","mn":"ADBE Vector Graphic - Fill","hd":false},{"ty":"tr","p":{"a":0,"k":[0,0],"ix":2},"a":{"a":0,"k":[0,0],"ix":1},"s":{"a":0,"k":[100,100],"ix":3},"r":{"a":0,"k":0,"ix":6},"o":{"a":0,"k":100,"ix":7},"sk":{"a":0,"k":0,"ix":4},"sa":{"a":0,"k":0,"ix":5},"nm":"Transform"}],"nm":"n","np":3,"cix":2,"bm":0,"ix":10,"mn":"ADBE Vector Group","hd":false},{"ty":"gr","it":[{"ind":0,"ty":"sh","ix":1,"ks":{"a":0,"k":{"i":[[0.736,0],[0.44,-0.824],[0,0],[0,0],[0,0],[0,0],[0,0],[-0.3,0.344],[-0.52,0.008],[-0.256,-0.26],[0,-0.448],[0,0],[0,0],[0,0],[0.424,0.444]],"o":[[-1.096,0.016],[0,0],[0,0],[0,0],[0,0],[0,0],[0,-0.536],[0.3,-0.344],[0.44,0],[0.256,0.26],[0,0],[0,0],[0,0],[0,-0.76],[-0.424,-0.444]],"v":[[-10.254,-6.48],[-12.558,-5.22],[-12.558,-6.42],[-14.118,-6.42],[-14.118,0],[-12.558,0],[-12.558,-3.156],[-12.108,-4.476],[-10.878,-5.004],[-9.834,-4.614],[-9.45,-3.552],[-9.45,0],[-7.878,0],[-7.878,-4.008],[-8.514,-5.814]],"c":true},"ix":2},"nm":"n","mn":"ADBE Vector Shape - Group","hd":false},{"ty":"fl","c":{"a":0,"k":[0.713729978075,0.713729978075,0.713729978075,1],"ix":4},"o":{"a":0,"k":100,"ix":5},"r":1,"bm":0,"nm":"Fill 1","mn":"ADBE Vector Graphic - Fill","hd":false},{"ty":"tr","p":{"a":0,"k":[0,0],"ix":2},"a":{"a":0,"k":[0,0],"ix":1},"s":{"a":0,"k":[100,100],"ix":3},"r":{"a":0,"k":0,"ix":6},"o":{"a":0,"k":100,"ix":7},"sk":{"a":0,"k":0,"ix":4},"sa":{"a":0,"k":0,"ix":5},"nm":"Transform"}],"nm":"n","np":3,"cix":2,"bm":0,"ix":11,"mn":"ADBE Vector Group","hd":false},{"ty":"gr","it":[{"ind":0,"ty":"sh","ix":1,"ks":{"a":0,"k":{"i":[[0,0],[0,0],[0,0],[0,0]],"o":[[0,0],[0,0],[0,0],[0,0]],"v":[[-5.526,0],[-3.966,0],[-3.966,-6.42],[-5.526,-6.42]],"c":true},"ix":2},"nm":"i","mn":"ADBE Vector Shape - Group","hd":false},{"ind":1,"ty":"sh","ix":2,"ks":{"a":0,"k":{"i":[[0.256,0],[0.168,-0.176],[0,-0.272],[-0.168,-0.176],[-0.256,0],[-0.168,0.176],[0,0.264],[0.168,0.176]],"o":[[-0.256,0],[-0.168,0.176],[0,0.264],[0.168,0.176],[0.256,0],[0.168,-0.176],[0,-0.272],[-0.168,-0.176]],"v":[[-4.758,-9.18],[-5.394,-8.916],[-5.646,-8.244],[-5.394,-7.584],[-4.758,-7.32],[-4.122,-7.584],[-3.87,-8.244],[-4.122,-8.916]],"c":true},"ix":2},"nm":"i","mn":"ADBE Vector Shape - Group","hd":false},{"ty":"mm","mm":1,"nm":"Merge Paths 1","mn":"ADBE Vector Filter - Merge","hd":false},{"ty":"fl","c":{"a":0,"k":[0.713729978075,0.713729978075,0.713729978075,1],"ix":4},"o":{"a":0,"k":100,"ix":5},"r":1,"bm":0,"nm":"Fill 1","mn":"ADBE Vector Graphic - Fill","hd":false},{"ty":"tr","p":{"a":0,"k":[0,0],"ix":2},"a":{"a":0,"k":[0,0],"ix":1},"s":{"a":0,"k":[100,100],"ix":3},"r":{"a":0,"k":0,"ix":6},"o":{"a":0,"k":100,"ix":7},"sk":{"a":0,"k":0,"ix":4},"sa":{"a":0,"k":0,"ix":5},"nm":"Transform"}],"nm":"i","np":5,"cix":2,"bm":0,"ix":12,"mn":"ADBE Vector Group","hd":false},{"ty":"gr","it":[{"ind":0,"ty":"sh","ix":1,"ks":{"a":0,"k":{"i":[[0.736,0],[0.44,-0.824],[0,0],[0,0],[0,0],[0,0],[0,0],[-0.3,0.344],[-0.52,0.008],[-0.256,-0.26],[0,-0.448],[0,0],[0,0],[0,0],[0.424,0.444]],"o":[[-1.096,0.016],[0,0],[0,0],[0,0],[0,0],[0,0],[0,-0.536],[0.3,-0.344],[0.44,0],[0.256,0.26],[0,0],[0,0],[0,0],[0,-0.76],[-0.424,-0.444]],"v":[[2.43,-6.48],[0.126,-5.22],[0.126,-6.42],[-1.434,-6.42],[-1.434,0],[0.126,0],[0.126,-3.156],[0.576,-4.476],[1.806,-5.004],[2.85,-4.614],[3.234,-3.552],[3.234,0],[4.806,0],[4.806,-4.008],[4.17,-5.814]],"c":true},"ix":2},"nm":"n","mn":"ADBE Vector Shape - Group","hd":false},{"ty":"fl","c":{"a":0,"k":[0.713729978075,0.713729978075,0.713729978075,1],"ix":4},"o":{"a":0,"k":100,"ix":5},"r":1,"bm":0,"nm":"Fill 1","mn":"ADBE Vector Graphic - Fill","hd":false},{"ty":"tr","p":{"a":0,"k":[0,0],"ix":2},"a":{"a":0,"k":[0,0],"ix":1},"s":{"a":0,"k":[100,100],"ix":3},"r":{"a":0,"k":0,"ix":6},"o":{"a":0,"k":100,"ix":7},"sk":{"a":0,"k":0,"ix":4},"sa":{"a":0,"k":0,"ix":5},"nm":"Transform"}],"nm":"n","np":3,"cix":2,"bm":0,"ix":13,"mn":"ADBE Vector Group","hd":false},{"ty":"gr","it":[{"ind":0,"ty":"sh","ix":1,"ks":{"a":0,"k":{"i":[[0,0],[0,0],[0.348,0.176],[0.448,0],[0.432,-0.256],[0.24,-0.46],[0,-0.6],[-0.24,-0.468],[-0.432,-0.26],[-0.56,0],[-0.344,0.172],[-0.216,0.328],[0,0],[0.34,-0.296],[0.576,0],[0.608,0.448],[0,0],[-0.976,0],[-0.508,0.244],[-0.276,0.452],[0,0.608],[0,0]],"o":[[0,0],[-0.216,-0.32],[-0.348,-0.176],[-0.56,0],[-0.432,0.256],[-0.24,0.46],[0,0.608],[0.24,0.468],[0.432,0.26],[0.456,0],[0.344,-0.172],[0,0],[0,0.512],[-0.34,0.296],[-0.728,0],[0,0],[0.832,0.568],[0.672,0],[0.508,-0.244],[0.276,-0.452],[0,0],[0,0]],"v":[[11.466,-6.42],[11.466,-5.46],[10.62,-6.204],[9.426,-6.468],[7.938,-6.084],[6.93,-5.01],[6.57,-3.42],[6.93,-1.806],[7.938,-0.714],[9.426,-0.324],[10.626,-0.582],[11.466,-1.332],[11.466,-0.576],[10.956,0.636],[9.582,1.08],[7.578,0.408],[6.954,1.536],[9.666,2.388],[11.436,2.022],[12.612,0.978],[13.026,-0.612],[13.026,-6.42]],"c":true},"ix":2},"nm":"g","mn":"ADBE Vector Shape - Group","hd":false},{"ind":1,"ty":"sh","ix":2,"ks":{"a":0,"k":{"i":[[0.504,0],[0.316,0.34],[0.008,0.544],[-0.316,0.344],[-0.504,0],[-0.316,-0.34],[0,-0.544],[0.316,-0.34]],"o":[[-0.504,0],[-0.316,-0.34],[0.008,-0.536],[0.316,-0.344],[0.504,0],[0.316,0.34],[0,0.544],[-0.316,0.34]],"v":[[9.762,-1.548],[8.532,-2.058],[8.046,-3.384],[8.532,-4.704],[9.762,-5.22],[10.992,-4.71],[11.466,-3.384],[10.992,-2.058]],"c":true},"ix":2},"nm":"g","mn":"ADBE Vector Shape - Group","hd":false},{"ty":"mm","mm":1,"nm":"Merge Paths 1","mn":"ADBE Vector Filter - Merge","hd":false},{"ty":"fl","c":{"a":0,"k":[0.713729978075,0.713729978075,0.713729978075,1],"ix":4},"o":{"a":0,"k":100,"ix":5},"r":1,"bm":0,"nm":"Fill 1","mn":"ADBE Vector Graphic - Fill","hd":false},{"ty":"tr","p":{"a":0,"k":[0,0],"ix":2},"a":{"a":0,"k":[0,0],"ix":1},"s":{"a":0,"k":[100,100],"ix":3},"r":{"a":0,"k":0,"ix":6},"o":{"a":0,"k":100,"ix":7},"sk":{"a":0,"k":0,"ix":4},"sa":{"a":0,"k":0,"ix":5},"nm":"Transform"}],"nm":"g","np":5,"cix":2,"bm":0,"ix":14,"mn":"ADBE Vector Group","hd":false},{"ty":"gr","it":[{"ind":0,"ty":"sh","ix":1,"ks":{"a":0,"k":{"i":[[0.6,0],[0.364,-0.188],[0.232,-0.36],[0,0],[0,0],[0,0],[0,0],[0,0],[-0.368,-0.188],[-0.48,0],[-0.456,0.272],[-0.248,0.488],[0,0.64],[0.252,0.496],[0.46,0.276]],"o":[[-0.48,0],[-0.364,0.188],[0,0],[0,0],[0,0],[0,0],[0,0],[0.24,0.36],[0.368,0.188],[0.6,0],[0.456,-0.272],[0.248,-0.488],[0,-0.648],[-0.252,-0.496],[-0.46,-0.276]],"v":[[22.782,-6.468],[21.516,-6.186],[20.622,-5.364],[20.622,-6.42],[19.062,-6.42],[19.062,2.328],[20.622,2.328],[20.622,-1.044],[21.534,-0.222],[22.806,0.06],[24.39,-0.348],[25.446,-1.488],[25.818,-3.18],[25.44,-4.896],[24.372,-6.054]],"c":true},"ix":2},"nm":"p","mn":"ADBE Vector Shape - Group","hd":false},{"ind":1,"ty":"sh","ix":2,"ks":{"a":0,"k":{"i":[[0.528,0],[0.336,0.36],[0,0.576],[-0.336,0.36],[-0.536,0],[-0.336,-0.36],[0,-0.568],[0.336,-0.364]],"o":[[-0.536,0],[-0.336,-0.36],[0,-0.568],[0.336,-0.36],[0.528,0],[0.336,0.36],[0,0.568],[-0.336,0.364]],"v":[[22.434,-1.284],[21.126,-1.824],[20.622,-3.228],[21.126,-4.62],[22.434,-5.16],[23.73,-4.62],[24.234,-3.228],[23.73,-1.83]],"c":true},"ix":2},"nm":"p","mn":"ADBE Vector Shape - Group","hd":false},{"ty":"mm","mm":1,"nm":"Merge Paths 1","mn":"ADBE Vector Filter - Merge","hd":false},{"ty":"fl","c":{"a":0,"k":[0.713729978075,0.713729978075,0.713729978075,1],"ix":4},"o":{"a":0,"k":100,"ix":5},"r":1,"bm":0,"nm":"Fill 1","mn":"ADBE Vector Graphic - Fill","hd":false},{"ty":"tr","p":{"a":0,"k":[0,0],"ix":2},"a":{"a":0,"k":[0,0],"ix":1},"s":{"a":0,"k":[100,100],"ix":3},"r":{"a":0,"k":0,"ix":6},"o":{"a":0,"k":100,"ix":7},"sk":{"a":0,"k":0,"ix":4},"sa":{"a":0,"k":0,"ix":5},"nm":"Transform"}],"nm":"p","np":5,"cix":2,"bm":0,"ix":15,"mn":"ADBE Vector Group","hd":false},{"ty":"gr","it":[{"ind":0,"ty":"sh","ix":1,"ks":{"a":0,"k":{"i":[[0.216,-0.416],[0,0],[0,0],[0,0],[0,0],[0,0],[-0.396,0.348],[-0.664,-0.04],[0,0],[0.372,-0.22]],"o":[[0,0],[0,0],[0,0],[0,0],[0,0],[0,-0.592],[0.396,-0.348],[0,0],[-0.496,0.008],[-0.372,0.22]],"v":[[29.334,-5.184],[29.334,-6.42],[27.774,-6.42],[27.774,0],[29.334,0],[29.334,-3.096],[29.928,-4.506],[31.518,-4.968],[31.518,-6.48],[30.216,-6.138]],"c":true},"ix":2},"nm":"r","mn":"ADBE Vector Shape - Group","hd":false},{"ty":"fl","c":{"a":0,"k":[0.713729978075,0.713729978075,0.713729978075,1],"ix":4},"o":{"a":0,"k":100,"ix":5},"r":1,"bm":0,"nm":"Fill 1","mn":"ADBE Vector Graphic - Fill","hd":false},{"ty":"tr","p":{"a":0,"k":[0,0],"ix":2},"a":{"a":0,"k":[0,0],"ix":1},"s":{"a":0,"k":[100,100],"ix":3},"r":{"a":0,"k":0,"ix":6},"o":{"a":0,"k":100,"ix":7},"sk":{"a":0,"k":0,"ix":4},"sa":{"a":0,"k":0,"ix":5},"nm":"Transform"}],"nm":"r","np":3,"cix":2,"bm":0,"ix":16,"mn":"ADBE Vector Group","hd":false},{"ty":"gr","it":[{"ind":0,"ty":"sh","ix":1,"ks":{"a":0,"k":{"i":[[0.664,0],[0.512,-0.272],[0.284,-0.492],[0,-0.64],[-0.284,-0.496],[-0.512,-0.272],[-0.672,0],[-0.508,0.272],[-0.284,0.496],[0,0.648],[0.284,0.492],[0.508,0.272]],"o":[[-0.672,0],[-0.512,0.272],[-0.284,0.492],[0,0.648],[0.284,0.496],[0.512,0.272],[0.664,0],[0.508,-0.272],[0.284,-0.496],[0,-0.64],[-0.284,-0.492],[-0.508,-0.272]],"v":[[36.018,-6.468],[34.242,-6.06],[33.048,-4.914],[32.622,-3.216],[33.048,-1.5],[34.242,-0.348],[36.018,0.06],[37.776,-0.348],[38.964,-1.5],[39.39,-3.216],[38.964,-4.914],[37.776,-6.06]],"c":true},"ix":2},"nm":"o","mn":"ADBE Vector Shape - Group","hd":false},{"ind":1,"ty":"sh","ix":2,"ks":{"a":0,"k":{"i":[[-0.544,0],[-0.336,-0.36],[0,-0.576],[0.336,-0.36],[0.528,0],[0.336,0.36],[0,0.576],[-0.336,0.36]],"o":[[0.528,0],[0.336,0.36],[0,0.576],[-0.336,0.36],[-0.544,0],[-0.336,-0.36],[0,-0.576],[0.336,-0.36]],"v":[[36.018,-5.136],[37.314,-4.596],[37.818,-3.192],[37.314,-1.788],[36.018,-1.248],[34.698,-1.788],[34.194,-3.192],[34.698,-4.596]],"c":true},"ix":2},"nm":"o","mn":"ADBE Vector Shape - Group","hd":false},{"ty":"mm","mm":1,"nm":"Merge Paths 1","mn":"ADBE Vector Filter - Merge","hd":false},{"ty":"fl","c":{"a":0,"k":[0.713729978075,0.713729978075,0.713729978075,1],"ix":4},"o":{"a":0,"k":100,"ix":5},"r":1,"bm":0,"nm":"Fill 1","mn":"ADBE Vector Graphic - Fill","hd":false},{"ty":"tr","p":{"a":0,"k":[0,0],"ix":2},"a":{"a":0,"k":[0,0],"ix":1},"s":{"a":0,"k":[100,100],"ix":3},"r":{"a":0,"k":0,"ix":6},"o":{"a":0,"k":100,"ix":7},"sk":{"a":0,"k":0,"ix":4},"sa":{"a":0,"k":0,"ix":5},"nm":"Transform"}],"nm":"o","np":5,"cix":2,"bm":0,"ix":17,"mn":"ADBE Vector Group","hd":false},{"ty":"gr","it":[{"ind":0,"ty":"sh","ix":1,"ks":{"a":0,"k":{"i":[[0,0],[0,0],[0.368,0.192],[0.488,0],[0.46,-0.272],[0.252,-0.492],[0,-0.64],[-0.256,-0.5],[-0.46,-0.276],[-0.608,0],[-0.364,0.188],[-0.232,0.36],[0,0],[0,0],[0,0]],"o":[[0,0],[-0.24,-0.36],[-0.368,-0.192],[-0.592,0],[-0.46,0.272],[-0.252,0.492],[0,0.648],[0.256,0.5],[0.46,0.276],[0.48,0],[0.364,-0.188],[0,0],[0,0],[0,0],[0,0]],"v":[[45.978,-8.904],[45.978,-5.364],[45.066,-6.192],[43.782,-6.48],[42.204,-6.072],[41.136,-4.926],[40.758,-3.228],[41.142,-1.506],[42.216,-0.342],[43.818,0.072],[45.084,-0.21],[45.978,-1.032],[45.978,0],[47.538,0],[47.538,-8.904]],"c":true},"ix":2},"nm":"d","mn":"ADBE Vector Shape - Group","hd":false},{"ind":1,"ty":"sh","ix":2,"ks":{"a":0,"k":{"i":[[0.536,0],[0.336,0.364],[0.008,0.576],[-0.336,0.364],[-0.536,0],[-0.34,-0.364],[0,-0.576],[0.34,-0.364]],"o":[[-0.536,0],[-0.336,-0.364],[0.008,-0.576],[0.336,-0.364],[0.536,0],[0.34,0.364],[0,0.576],[-0.34,0.364]],"v":[[44.154,-1.236],[42.846,-1.782],[42.33,-3.192],[42.846,-4.602],[44.154,-5.148],[45.468,-4.602],[45.978,-3.192],[45.468,-1.782]],"c":true},"ix":2},"nm":"d","mn":"ADBE Vector Shape - Group","hd":false},{"ty":"mm","mm":1,"nm":"Merge Paths 1","mn":"ADBE Vector Filter - Merge","hd":false},{"ty":"fl","c":{"a":0,"k":[0.713729978075,0.713729978075,0.713729978075,1],"ix":4},"o":{"a":0,"k":100,"ix":5},"r":1,"bm":0,"nm":"Fill 1","mn":"ADBE Vector Graphic - Fill","hd":false},{"ty":"tr","p":{"a":0,"k":[0,0],"ix":2},"a":{"a":0,"k":[0,0],"ix":1},"s":{"a":0,"k":[100,100],"ix":3},"r":{"a":0,"k":0,"ix":6},"o":{"a":0,"k":100,"ix":7},"sk":{"a":0,"k":0,"ix":4},"sa":{"a":0,"k":0,"ix":5},"nm":"Transform"}],"nm":"d","np":5,"cix":2,"bm":0,"ix":18,"mn":"ADBE Vector Group","hd":false},{"ty":"gr","it":[{"ind":0,"ty":"sh","ix":1,"ks":{"a":0,"k":{"i":[[0,0],[0,0],[0.288,-0.344],[0.496,-0.008],[0.244,0.256],[0,0.448],[0,0],[0,0],[0,0],[-0.416,-0.44],[-0.72,0],[-0.432,0.832],[0,0],[0,0],[0,0]],"o":[[0,0],[0,0.528],[-0.288,0.344],[-0.432,0],[-0.244,-0.256],[0,0],[0,0],[0,0],[0,0.76],[0.416,0.44],[1.056,0],[0,0],[0,0],[0,0],[0,0]],"v":[[54.498,-6.42],[54.498,-3.252],[54.066,-1.944],[52.89,-1.416],[51.876,-1.8],[51.51,-2.856],[51.51,-6.42],[49.938,-6.42],[49.938,-2.4],[50.562,-0.6],[52.266,0.06],[54.498,-1.188],[54.498,0],[56.07,0],[56.07,-6.42]],"c":true},"ix":2},"nm":"u","mn":"ADBE Vector Shape - Group","hd":false},{"ty":"fl","c":{"a":0,"k":[0.713729978075,0.713729978075,0.713729978075,1],"ix":4},"o":{"a":0,"k":100,"ix":5},"r":1,"bm":0,"nm":"Fill 1","mn":"ADBE Vector Graphic - Fill","hd":false},{"ty":"tr","p":{"a":0,"k":[0,0],"ix":2},"a":{"a":0,"k":[0,0],"ix":1},"s":{"a":0,"k":[100,100],"ix":3},"r":{"a":0,"k":0,"ix":6},"o":{"a":0,"k":100,"ix":7},"sk":{"a":0,"k":0,"ix":4},"sa":{"a":0,"k":0,"ix":5},"nm":"Transform"}],"nm":"u","np":3,"cix":2,"bm":0,"ix":19,"mn":"ADBE Vector Group","hd":false},{"ty":"gr","it":[{"ind":0,"ty":"sh","ix":1,"ks":{"a":0,"k":{"i":[[-0.432,-0.472],[0,0],[0.46,0.204],[0.584,0],[0.492,-0.272],[0.276,-0.496],[0,-0.648],[-0.272,-0.492],[-0.492,-0.272],[-0.632,0],[-0.472,0.224],[-0.288,0.416],[0,0],[0.768,0],[0.324,0.352],[0,0.576],[-0.324,0.352],[-0.52,0]],"o":[[0,0],[-0.288,-0.376],[-0.46,-0.204],[-0.64,0],[-0.492,0.272],[-0.276,0.496],[0,0.64],[0.272,0.492],[0.492,0.272],[0.624,0],[0.472,-0.224],[0,0],[-0.384,0.504],[-0.52,0],[-0.324,-0.352],[0,-0.56],[0.324,-0.352],[0.688,0]],"v":[[63.03,-4.392],[63.978,-5.292],[62.855,-6.162],[61.29,-6.468],[59.592,-6.06],[58.439,-4.908],[58.025,-3.192],[58.434,-1.494],[59.579,-0.348],[61.266,0.06],[62.91,-0.276],[64.049,-1.236],[63.077,-2.04],[61.35,-1.284],[60.084,-1.812],[59.598,-3.204],[60.084,-4.572],[61.35,-5.1]],"c":true},"ix":2},"nm":"c","mn":"ADBE Vector Shape - Group","hd":false},{"ty":"fl","c":{"a":0,"k":[0.713729978075,0.713729978075,0.713729978075,1],"ix":4},"o":{"a":0,"k":100,"ix":5},"r":1,"bm":0,"nm":"Fill 1","mn":"ADBE Vector Graphic - Fill","hd":false},{"ty":"tr","p":{"a":0,"k":[0,0],"ix":2},"a":{"a":0,"k":[0,0],"ix":1},"s":{"a":0,"k":[100,100],"ix":3},"r":{"a":0,"k":0,"ix":6},"o":{"a":0,"k":100,"ix":7},"sk":{"a":0,"k":0,"ix":4},"sa":{"a":0,"k":0,"ix":5},"nm":"Transform"}],"nm":"c","np":3,"cix":2,"bm":0,"ix":20,"mn":"ADBE Vector Group","hd":false},{"ty":"gr","it":[{"ind":0,"ty":"sh","ix":1,"ks":{"a":0,"k":{"i":[[0,0],[0.24,0],[0.112,0.124],[0,0.296],[0,0],[0,0],[0,0],[0,0],[0,0],[0,0],[0,0],[0,0],[0,0],[0,0],[0,0],[-0.352,-0.324],[-0.552,0],[-0.512,0.312]],"o":[[-0.368,0.176],[-0.224,0],[-0.112,-0.124],[0,0],[0,0],[0,0],[0,0],[0,0],[0,0],[0,0],[0,0],[0,0],[0,0],[0,0],[0,0.632],[0.352,0.324],[0.56,0],[0,0]],"v":[[69.377,-1.572],[68.465,-1.308],[67.961,-1.494],[67.793,-2.124],[67.793,-5.016],[69.629,-5.016],[69.629,-6.156],[67.793,-6.156],[67.793,-7.92],[66.245,-7.92],[66.245,-6.156],[65.333,-6.156],[65.345,-5.016],[66.245,-5.016],[66.245,-1.848],[66.773,-0.414],[68.129,0.072],[69.737,-0.396]],"c":true},"ix":2},"nm":"t","mn":"ADBE Vector Shape - Group","hd":false},{"ty":"fl","c":{"a":0,"k":[0.713729978075,0.713729978075,0.713729978075,1],"ix":4},"o":{"a":0,"k":100,"ix":5},"r":1,"bm":0,"nm":"Fill 1","mn":"ADBE Vector Graphic - Fill","hd":false},{"ty":"tr","p":{"a":0,"k":[0,0],"ix":2},"a":{"a":0,"k":[0,0],"ix":1},"s":{"a":0,"k":[100,100],"ix":3},"r":{"a":0,"k":0,"ix":6},"o":{"a":0,"k":100,"ix":7},"sk":{"a":0,"k":0,"ix":4},"sa":{"a":0,"k":0,"ix":5},"nm":"Transform"}],"nm":"t","np":3,"cix":2,"bm":0,"ix":21,"mn":"ADBE Vector Group","hd":false},{"ty":"gr","it":[{"ind":0,"ty":"sh","ix":1,"ks":{"a":0,"k":{"i":[[-0.24,0],[-0.32,-0.128],[0,0],[0.4,0],[0.348,-0.168],[0.208,-0.332],[0,-0.472],[0,0],[0,0],[0,0],[0,0],[0,0],[0,0],[0,0],[0,0],[0,0],[0,0],[0,0],[-0.156,0.136]],"o":[[0.208,0],[0,0],[-0.384,-0.184],[-0.408,0],[-0.348,0.168],[-0.208,0.332],[0,0],[0,0],[0,0],[0,0],[0,0],[0,0],[0,0],[0,0],[0,0],[0,0],[0,0],[0,-0.272],[0.156,-0.136]],"v":[[77.777,-7.632],[78.569,-7.44],[78.845,-8.7],[77.669,-8.976],[76.535,-8.724],[75.701,-7.974],[75.389,-6.768],[75.389,-6.156],[74.549,-6.156],[74.549,-5.016],[75.389,-5.016],[75.389,0],[76.949,0],[76.949,-5.016],[78.557,-5.016],[78.557,-6.156],[76.949,-6.156],[76.949,-6.816],[77.183,-7.428]],"c":true},"ix":2},"nm":"f","mn":"ADBE Vector Shape - Group","hd":false},{"ty":"fl","c":{"a":0,"k":[0.713729978075,0.713729978075,0.713729978075,1],"ix":4},"o":{"a":0,"k":100,"ix":5},"r":1,"bm":0,"nm":"Fill 1","mn":"ADBE Vector Graphic - Fill","hd":false},{"ty":"tr","p":{"a":0,"k":[0,0],"ix":2},"a":{"a":0,"k":[0,0],"ix":1},"s":{"a":0,"k":[100,100],"ix":3},"r":{"a":0,"k":0,"ix":6},"o":{"a":0,"k":100,"ix":7},"sk":{"a":0,"k":0,"ix":4},"sa":{"a":0,"k":0,"ix":5},"nm":"Transform"}],"nm":"f","np":3,"cix":2,"bm":0,"ix":22,"mn":"ADBE Vector Group","hd":false},{"ty":"gr","it":[{"ind":0,"ty":"sh","ix":1,"ks":{"a":0,"k":{"i":[[0.216,-0.416],[0,0],[0,0],[0,0],[0,0],[0,0],[-0.396,0.348],[-0.664,-0.04],[0,0],[0.372,-0.22]],"o":[[0,0],[0,0],[0,0],[0,0],[0,0],[0,-0.592],[0.396,-0.348],[0,0],[-0.496,0.008],[-0.372,0.22]],"v":[[81.641,-5.184],[81.641,-6.42],[80.081,-6.42],[80.081,0],[81.641,0],[81.641,-3.096],[82.235,-4.506],[83.825,-4.968],[83.825,-6.48],[82.523,-6.138]],"c":true},"ix":2},"nm":"r","mn":"ADBE Vector Shape - Group","hd":false},{"ty":"fl","c":{"a":0,"k":[0.713729978075,0.713729978075,0.713729978075,1],"ix":4},"o":{"a":0,"k":100,"ix":5},"r":1,"bm":0,"nm":"Fill 1","mn":"ADBE Vector Graphic - Fill","hd":false},{"ty":"tr","p":{"a":0,"k":[0,0],"ix":2},"a":{"a":0,"k":[0,0],"ix":1},"s":{"a":0,"k":[100,100],"ix":3},"r":{"a":0,"k":0,"ix":6},"o":{"a":0,"k":100,"ix":7},"sk":{"a":0,"k":0,"ix":4},"sa":{"a":0,"k":0,"ix":5},"nm":"Transform"}],"nm":"r","np":3,"cix":2,"bm":0,"ix":23,"mn":"ADBE Vector Group","hd":false},{"ty":"gr","it":[{"ind":0,"ty":"sh","ix":1,"ks":{"a":0,"k":{"i":[[0.664,0],[0.512,-0.272],[0.284,-0.492],[0,-0.64],[-0.284,-0.496],[-0.512,-0.272],[-0.672,0],[-0.508,0.272],[-0.284,0.496],[0,0.648],[0.284,0.492],[0.508,0.272]],"o":[[-0.672,0],[-0.512,0.272],[-0.284,0.492],[0,0.648],[0.284,0.496],[0.512,0.272],[0.664,0],[0.508,-0.272],[0.284,-0.496],[0,-0.64],[-0.284,-0.492],[-0.508,-0.272]],"v":[[88.325,-6.468],[86.549,-6.06],[85.355,-4.914],[84.929,-3.216],[85.355,-1.5],[86.549,-0.348],[88.325,0.06],[90.083,-0.348],[91.271,-1.5],[91.697,-3.216],[91.271,-4.914],[90.083,-6.06]],"c":true},"ix":2},"nm":"o","mn":"ADBE Vector Shape - Group","hd":false},{"ind":1,"ty":"sh","ix":2,"ks":{"a":0,"k":{"i":[[-0.544,0],[-0.336,-0.36],[0,-0.576],[0.336,-0.36],[0.528,0],[0.336,0.36],[0,0.576],[-0.336,0.36]],"o":[[0.528,0],[0.336,0.36],[0,0.576],[-0.336,0.36],[-0.544,0],[-0.336,-0.36],[0,-0.576],[0.336,-0.36]],"v":[[88.325,-5.136],[89.621,-4.596],[90.125,-3.192],[89.621,-1.788],[88.325,-1.248],[87.005,-1.788],[86.501,-3.192],[87.005,-4.596]],"c":true},"ix":2},"nm":"o","mn":"ADBE Vector Shape - Group","hd":false},{"ty":"mm","mm":1,"nm":"Merge Paths 1","mn":"ADBE Vector Filter - Merge","hd":false},{"ty":"fl","c":{"a":0,"k":[0.713729978075,0.713729978075,0.713729978075,1],"ix":4},"o":{"a":0,"k":100,"ix":5},"r":1,"bm":0,"nm":"Fill 1","mn":"ADBE Vector Graphic - Fill","hd":false},{"ty":"tr","p":{"a":0,"k":[0,0],"ix":2},"a":{"a":0,"k":[0,0],"ix":1},"s":{"a":0,"k":[100,100],"ix":3},"r":{"a":0,"k":0,"ix":6},"o":{"a":0,"k":100,"ix":7},"sk":{"a":0,"k":0,"ix":4},"sa":{"a":0,"k":0,"ix":5},"nm":"Transform"}],"nm":"o","np":5,"cix":2,"bm":0,"ix":24,"mn":"ADBE Vector Group","hd":false},{"ty":"gr","it":[{"ind":0,"ty":"sh","ix":1,"ks":{"a":0,"k":{"i":[[0.728,0],[0.408,-1.008],[0.38,0.268],[0.56,0],[0.424,-0.816],[0,0],[0,0],[0,0],[0,0],[0,0],[-0.292,0.344],[-0.504,0.016],[-0.248,-0.26],[0,-0.456],[0,0],[0,0],[0,0],[-0.292,0.344],[-0.496,0.016],[-0.252,-0.26],[0,-0.456],[0,0],[0,0],[0,0],[0.416,0.444]],"o":[[-1.184,0.016],[-0.152,-0.488],[-0.38,-0.268],[-1.08,0.016],[0,0],[0,0],[0,0],[0,0],[0,0],[0,-0.528],[0.292,-0.344],[0.432,0],[0.248,0.26],[0,0],[0,0],[0,0],[0,-0.528],[0.292,-0.344],[0.432,0],[0.252,0.26],[0,0],[0,0],[0,0],[0,-0.76],[-0.416,-0.444]],"v":[[102.065,-6.48],[99.677,-4.944],[98.879,-6.078],[97.469,-6.48],[95.213,-5.232],[95.213,-6.42],[93.653,-6.42],[93.653,0],[95.213,0],[95.213,-3.168],[95.651,-4.476],[96.845,-5.016],[97.865,-4.626],[98.237,-3.552],[98.237,0],[99.809,0],[99.809,-3.168],[100.247,-4.476],[101.429,-5.016],[102.455,-4.626],[102.833,-3.552],[102.833,0],[104.405,0],[104.405,-4.008],[103.781,-5.814]],"c":true},"ix":2},"nm":"m","mn":"ADBE Vector Shape - Group","hd":false},{"ty":"fl","c":{"a":0,"k":[0.713729978075,0.713729978075,0.713729978075,1],"ix":4},"o":{"a":0,"k":100,"ix":5},"r":1,"bm":0,"nm":"Fill 1","mn":"ADBE Vector Graphic - Fill","hd":false},{"ty":"tr","p":{"a":0,"k":[0,0],"ix":2},"a":{"a":0,"k":[0,0],"ix":1},"s":{"a":0,"k":[100,100],"ix":3},"r":{"a":0,"k":0,"ix":6},"o":{"a":0,"k":100,"ix":7},"sk":{"a":0,"k":0,"ix":4},"sa":{"a":0,"k":0,"ix":5},"nm":"Transform"}],"nm":"m","np":3,"cix":2,"bm":0,"ix":25,"mn":"ADBE Vector Group","hd":false},{"ty":"gr","it":[{"ind":0,"ty":"sh","ix":1,"ks":{"a":0,"k":{"i":[[0,0],[0,0],[0,0],[0,0],[0,0],[0,0],[0,0],[0,0],[0,0],[0,0],[0,0],[0,0],[0,0]],"o":[[0,0],[0,0],[0,0],[0,0],[0,0],[0,0],[0,0],[0,0],[0,0],[0,0],[0,0],[0,0],[0,0]],"v":[[-46.637,18.284],[-48.617,11.6],[-50.201,11.6],[-52.169,18.26],[-54.149,11.6],[-55.877,11.6],[-53.045,20],[-51.401,20],[-49.445,13.628],[-47.525,20],[-45.857,20],[-43.013,11.6],[-44.681,11.6]],"c":true},"ix":2},"nm":"W","mn":"ADBE Vector Shape - Group","hd":false},{"ty":"fl","c":{"a":0,"k":[0.984309955672,0.984309955672,0.984309955672,1],"ix":4},"o":{"a":0,"k":100,"ix":5},"r":1,"bm":0,"nm":"Fill 1","mn":"ADBE Vector Graphic - Fill","hd":false},{"ty":"tr","p":{"a":0,"k":[0,0],"ix":2},"a":{"a":0,"k":[0,0],"ix":1},"s":{"a":0,"k":[100,100],"ix":3},"r":{"a":0,"k":0,"ix":6},"o":{"a":0,"k":100,"ix":7},"sk":{"a":0,"k":0,"ix":4},"sa":{"a":0,"k":0,"ix":5},"nm":"Transform"}],"nm":"W","np":3,"cix":2,"bm":0,"ix":26,"mn":"ADBE Vector Group","hd":false},{"ty":"gr","it":[{"ind":0,"ty":"sh","ix":1,"ks":{"a":0,"k":{"i":[[1.024,0],[0.496,-0.276],[0.276,-0.496],[0,-0.64],[-0.272,-0.492],[-0.5,-0.272],[-0.656,0],[-0.46,0.192],[-0.32,0.352],[0,0],[0.3,-0.124],[0.328,0],[0.324,0.26],[0.104,0.456],[0,0],[0,0.208],[0.516,0.584]],"o":[[-0.632,0],[-0.496,0.276],[-0.276,0.496],[0,0.64],[0.272,0.492],[0.5,0.272],[0.56,0],[0.46,-0.192],[0,0],[-0.224,0.232],[-0.3,0.124],[-0.472,0],[-0.324,-0.26],[0,0],[0.008,-0.104],[0,-1.056],[-0.516,-0.584]],"v":[[-39.414,13.532],[-41.106,13.946],[-42.264,15.104],[-42.678,16.808],[-42.27,18.506],[-41.112,19.652],[-39.378,20.06],[-37.848,19.772],[-36.678,18.956],[-37.518,18.08],[-38.304,18.614],[-39.246,18.8],[-40.44,18.41],[-41.082,17.336],[-36.342,17.336],[-36.33,16.868],[-37.104,14.408]],"c":true},"ix":2},"nm":"e","mn":"ADBE Vector Shape - Group","hd":false},{"ind":1,"ty":"sh","ix":2,"ks":{"a":0,"k":{"i":[[0,0],[-0.308,0.276],[-0.456,0],[-0.296,-0.28],[-0.016,-0.472]],"o":[[0.072,-0.48],[0.308,-0.276],[0.488,0],[0.296,0.28],[0,0]],"v":[[-41.118,16.292],[-40.548,15.158],[-39.402,14.744],[-38.226,15.164],[-37.758,16.292]],"c":true},"ix":2},"nm":"e","mn":"ADBE Vector Shape - Group","hd":false},{"ty":"mm","mm":1,"nm":"Merge Paths 1","mn":"ADBE Vector Filter - Merge","hd":false},{"ty":"fl","c":{"a":0,"k":[0.984309955672,0.984309955672,0.984309955672,1],"ix":4},"o":{"a":0,"k":100,"ix":5},"r":1,"bm":0,"nm":"Fill 1","mn":"ADBE Vector Graphic - Fill","hd":false},{"ty":"tr","p":{"a":0,"k":[0,0],"ix":2},"a":{"a":0,"k":[0,0],"ix":1},"s":{"a":0,"k":[100,100],"ix":3},"r":{"a":0,"k":0,"ix":6},"o":{"a":0,"k":100,"ix":7},"sk":{"a":0,"k":0,"ix":4},"sa":{"a":0,"k":0,"ix":5},"nm":"Transform"}],"nm":"e","np":5,"cix":2,"bm":0,"ix":27,"mn":"ADBE Vector Group","hd":false},{"ty":"gr","it":[{"ind":0,"ty":"sh","ix":1,"ks":{"a":0,"k":{"i":[[0.6,0],[0.364,-0.188],[0.232,-0.36],[0,0],[0,0],[0,0],[0,0],[0,0],[-0.368,-0.188],[-0.48,0],[-0.456,0.272],[-0.248,0.488],[0,0.64],[0.252,0.496],[0.46,0.276]],"o":[[-0.48,0],[-0.364,0.188],[0,0],[0,0],[0,0],[0,0],[0,0],[0.24,0.36],[0.368,0.188],[0.6,0],[0.456,-0.272],[0.248,-0.488],[0,-0.648],[-0.252,-0.496],[-0.46,-0.276]],"v":[[-30.606,13.532],[-31.872,13.814],[-32.766,14.636],[-32.766,11.096],[-34.326,11.096],[-34.326,20],[-32.766,20],[-32.766,18.956],[-31.854,19.778],[-30.582,20.06],[-28.998,19.652],[-27.942,18.512],[-27.57,16.82],[-27.948,15.104],[-29.016,13.946]],"c":true},"ix":2},"nm":"b","mn":"ADBE Vector Shape - Group","hd":false},{"ind":1,"ty":"sh","ix":2,"ks":{"a":0,"k":{"i":[[0.528,0],[0.336,0.36],[0,0.576],[-0.336,0.36],[-0.536,0],[-0.336,-0.36],[0,-0.568],[0.336,-0.364]],"o":[[-0.536,0],[-0.336,-0.36],[0,-0.568],[0.336,-0.36],[0.528,0],[0.336,0.36],[0,0.568],[-0.336,0.364]],"v":[[-30.954,18.716],[-32.262,18.176],[-32.766,16.772],[-32.262,15.38],[-30.954,14.84],[-29.658,15.38],[-29.154,16.772],[-29.658,18.17]],"c":true},"ix":2},"nm":"b","mn":"ADBE Vector Shape - Group","hd":false},{"ty":"mm","mm":1,"nm":"Merge Paths 1","mn":"ADBE Vector Filter - Merge","hd":false},{"ty":"fl","c":{"a":0,"k":[0.984309955672,0.984309955672,0.984309955672,1],"ix":4},"o":{"a":0,"k":100,"ix":5},"r":1,"bm":0,"nm":"Fill 1","mn":"ADBE Vector Graphic - Fill","hd":false},{"ty":"tr","p":{"a":0,"k":[0,0],"ix":2},"a":{"a":0,"k":[0,0],"ix":1},"s":{"a":0,"k":[100,100],"ix":3},"r":{"a":0,"k":0,"ix":6},"o":{"a":0,"k":100,"ix":7},"sk":{"a":0,"k":0,"ix":4},"sa":{"a":0,"k":0,"ix":5},"nm":"Transform"}],"nm":"b","np":5,"cix":2,"bm":0,"ix":28,"mn":"ADBE Vector Group","hd":false},{"ty":"gr","it":[{"ind":0,"ty":"sh","ix":1,"ks":{"a":0,"k":{"i":[[0,0],[0,0],[0,0],[0,0],[0,0],[0,0],[0,0],[0,0],[0,0],[0,0],[0,0],[0,0]],"o":[[0,0],[0,0],[0,0],[0,0],[0,0],[0,0],[0,0],[0,0],[0,0],[0,0],[0,0],[0,0]],"v":[[-19.41,20],[-21.93,16.064],[-19.554,13.592],[-21.354,13.592],[-23.994,16.256],[-23.994,11.096],[-25.554,11.096],[-25.554,20],[-23.994,20],[-23.994,18.224],[-23.01,17.192],[-21.27,20]],"c":true},"ix":2},"nm":"k","mn":"ADBE Vector Shape - Group","hd":false},{"ty":"fl","c":{"a":0,"k":[0.984309955672,0.984309955672,0.984309955672,1],"ix":4},"o":{"a":0,"k":100,"ix":5},"r":1,"bm":0,"nm":"Fill 1","mn":"ADBE Vector Graphic - Fill","hd":false},{"ty":"tr","p":{"a":0,"k":[0,0],"ix":2},"a":{"a":0,"k":[0,0],"ix":1},"s":{"a":0,"k":[100,100],"ix":3},"r":{"a":0,"k":0,"ix":6},"o":{"a":0,"k":100,"ix":7},"sk":{"a":0,"k":0,"ix":4},"sa":{"a":0,"k":0,"ix":5},"nm":"Transform"}],"nm":"k","np":3,"cix":2,"bm":0,"ix":29,"mn":"ADBE Vector Group","hd":false},{"ty":"gr","it":[{"ind":0,"ty":"sh","ix":1,"ks":{"a":0,"k":{"i":[[0,0],[0,0],[0.288,-0.344],[0.496,-0.008],[0.244,0.256],[0,0.448],[0,0],[0,0],[0,0],[-0.416,-0.44],[-0.72,0],[-0.432,0.832],[0,0],[0,0],[0,0]],"o":[[0,0],[0,0.528],[-0.288,0.344],[-0.432,0],[-0.244,-0.256],[0,0],[0,0],[0,0],[0,0.76],[0.416,0.44],[1.056,0],[0,0],[0,0],[0,0],[0,0]],"v":[[-13.398,13.58],[-13.398,16.748],[-13.83,18.056],[-15.006,18.584],[-16.02,18.2],[-16.386,17.144],[-16.386,13.58],[-17.958,13.58],[-17.958,17.6],[-17.334,19.4],[-15.63,20.06],[-13.398,18.812],[-13.398,20],[-11.826,20],[-11.826,13.58]],"c":true},"ix":2},"nm":"u","mn":"ADBE Vector Shape - Group","hd":false},{"ty":"fl","c":{"a":0,"k":[0.984309955672,0.984309955672,0.984309955672,1],"ix":4},"o":{"a":0,"k":100,"ix":5},"r":1,"bm":0,"nm":"Fill 1","mn":"ADBE Vector Graphic - Fill","hd":false},{"ty":"tr","p":{"a":0,"k":[0,0],"ix":2},"a":{"a":0,"k":[0,0],"ix":1},"s":{"a":0,"k":[100,100],"ix":3},"r":{"a":0,"k":0,"ix":6},"o":{"a":0,"k":100,"ix":7},"sk":{"a":0,"k":0,"ix":4},"sa":{"a":0,"k":0,"ix":5},"nm":"Transform"}],"nm":"u","np":3,"cix":2,"bm":0,"ix":30,"mn":"ADBE Vector Group","hd":false},{"ty":"gr","it":[{"ind":0,"ty":"sh","ix":1,"ks":{"a":0,"k":{"i":[[0,0],[0,0],[0,0],[0,0]],"o":[[0,0],[0,0],[0,0],[0,0]],"v":[[-9.222,20],[-7.662,20],[-7.662,11.096],[-9.222,11.096]],"c":true},"ix":2},"nm":"l","mn":"ADBE Vector Shape - Group","hd":false},{"ty":"fl","c":{"a":0,"k":[0.984309955672,0.984309955672,0.984309955672,1],"ix":4},"o":{"a":0,"k":100,"ix":5},"r":1,"bm":0,"nm":"Fill 1","mn":"ADBE Vector Graphic - Fill","hd":false},{"ty":"tr","p":{"a":0,"k":[0,0],"ix":2},"a":{"a":0,"k":[0,0],"ix":1},"s":{"a":0,"k":[100,100],"ix":3},"r":{"a":0,"k":0,"ix":6},"o":{"a":0,"k":100,"ix":7},"sk":{"a":0,"k":0,"ix":4},"sa":{"a":0,"k":0,"ix":5},"nm":"Transform"}],"nm":"l","np":3,"cix":2,"bm":0,"ix":31,"mn":"ADBE Vector Group","hd":false},{"ty":"gr","it":[{"ind":0,"ty":"sh","ix":1,"ks":{"a":0,"k":{"i":[[-0.432,-0.264],[0,0],[0.532,0.16],[0.544,0],[0.476,-0.2],[0.26,-0.364],[0,-0.488],[-0.256,-0.324],[-0.36,-0.16],[-0.568,-0.168],[-0.24,-0.096],[-0.156,-0.156],[0,-0.24],[0.256,-0.172],[0.448,0],[0.528,0.224],[0.424,0.392],[0,0],[-0.624,-0.244],[-0.656,0],[-0.484,0.2],[-0.276,0.38],[0,0.512],[0.256,0.328],[0.364,0.168],[0.568,0.168],[0.236,0.1],[0.156,0.156],[0,0.232],[-0.224,0.144],[-0.384,0],[-0.452,-0.144]],"o":[[0,0],[-0.416,-0.272],[-0.532,-0.16],[-0.624,0],[-0.476,0.2],[-0.26,0.364],[0,0.528],[0.256,0.324],[0.36,0.16],[0.416,0.12],[0.24,0.096],[0.156,0.156],[0,0.296],[-0.256,0.172],[-0.456,0],[-0.528,-0.224],[0,0],[0.464,0.408],[0.624,0.244],[0.624,0],[0.484,-0.2],[0.276,-0.38],[0,-0.536],[-0.256,-0.328],[-0.364,-0.168],[-0.408,-0.12],[-0.236,-0.1],[-0.156,-0.156],[0,-0.256],[0.224,-0.144],[0.344,0],[0.452,0.144]],"v":[[3.822,13.76],[4.47,12.356],[3.048,11.708],[1.434,11.468],[-0.216,11.768],[-1.32,12.614],[-1.71,13.892],[-1.326,15.17],[-0.402,15.896],[0.99,16.388],[1.974,16.712],[2.568,17.09],[2.802,17.684],[2.418,18.386],[1.362,18.644],[-0.114,18.308],[-1.542,17.384],[-2.214,18.752],[-0.582,19.73],[1.338,20.096],[3,19.796],[4.14,18.926],[4.554,17.588],[4.17,16.292],[3.24,15.548],[1.842,15.044],[0.876,14.714],[0.288,14.33],[0.054,13.748],[0.39,13.148],[1.302,12.932],[2.496,13.148]],"c":true},"ix":2},"nm":"S","mn":"ADBE Vector Shape - Group","hd":false},{"ty":"fl","c":{"a":0,"k":[0.984309955672,0.984309955672,0.984309955672,1],"ix":4},"o":{"a":0,"k":100,"ix":5},"r":1,"bm":0,"nm":"Fill 1","mn":"ADBE Vector Graphic - Fill","hd":false},{"ty":"tr","p":{"a":0,"k":[0,0],"ix":2},"a":{"a":0,"k":[0,0],"ix":1},"s":{"a":0,"k":[100,100],"ix":3},"r":{"a":0,"k":0,"ix":6},"o":{"a":0,"k":100,"ix":7},"sk":{"a":0,"k":0,"ix":4},"sa":{"a":0,"k":0,"ix":5},"nm":"Transform"}],"nm":"S","np":3,"cix":2,"bm":0,"ix":32,"mn":"ADBE Vector Group","hd":false},{"ty":"gr","it":[{"ind":0,"ty":"sh","ix":1,"ks":{"a":0,"k":{"i":[[0.664,0],[0.512,-0.272],[0.284,-0.492],[0,-0.64],[-0.284,-0.496],[-0.512,-0.272],[-0.672,0],[-0.508,0.272],[-0.284,0.496],[0,0.648],[0.284,0.492],[0.508,0.272]],"o":[[-0.672,0],[-0.512,0.272],[-0.284,0.492],[0,0.648],[0.284,0.496],[0.512,0.272],[0.664,0],[0.508,-0.272],[0.284,-0.496],[0,-0.64],[-0.284,-0.492],[-0.508,-0.272]],"v":[[9.426,13.532],[7.65,13.94],[6.456,15.086],[6.03,16.784],[6.456,18.5],[7.65,19.652],[9.426,20.06],[11.184,19.652],[12.372,18.5],[12.798,16.784],[12.372,15.086],[11.184,13.94]],"c":true},"ix":2},"nm":"o","mn":"ADBE Vector Shape - Group","hd":false},{"ind":1,"ty":"sh","ix":2,"ks":{"a":0,"k":{"i":[[-0.544,0],[-0.336,-0.36],[0,-0.576],[0.336,-0.36],[0.528,0],[0.336,0.36],[0,0.576],[-0.336,0.36]],"o":[[0.528,0],[0.336,0.36],[0,0.576],[-0.336,0.36],[-0.544,0],[-0.336,-0.36],[0,-0.576],[0.336,-0.36]],"v":[[9.426,14.864],[10.722,15.404],[11.226,16.808],[10.722,18.212],[9.426,18.752],[8.106,18.212],[7.602,16.808],[8.106,15.404]],"c":true},"ix":2},"nm":"o","mn":"ADBE Vector Shape - Group","hd":false},{"ty":"mm","mm":1,"nm":"Merge Paths 1","mn":"ADBE Vector Filter - Merge","hd":false},{"ty":"fl","c":{"a":0,"k":[0.984309955672,0.984309955672,0.984309955672,1],"ix":4},"o":{"a":0,"k":100,"ix":5},"r":1,"bm":0,"nm":"Fill 1","mn":"ADBE Vector Graphic - Fill","hd":false},{"ty":"tr","p":{"a":0,"k":[0,0],"ix":2},"a":{"a":0,"k":[0,0],"ix":1},"s":{"a":0,"k":[100,100],"ix":3},"r":{"a":0,"k":0,"ix":6},"o":{"a":0,"k":100,"ix":7},"sk":{"a":0,"k":0,"ix":4},"sa":{"a":0,"k":0,"ix":5},"nm":"Transform"}],"nm":"o","np":5,"cix":2,"bm":0,"ix":33,"mn":"ADBE Vector Group","hd":false},{"ty":"gr","it":[{"ind":0,"ty":"sh","ix":1,"ks":{"a":0,"k":{"i":[[-0.24,0],[-0.32,-0.128],[0,0],[0.4,0],[0.348,-0.168],[0.208,-0.332],[0,-0.472],[0,0],[0,0],[0,0],[0,0],[0,0],[0,0],[0,0],[0,0],[0,0],[0,0],[0,0],[-0.156,0.136]],"o":[[0.208,0],[0,0],[-0.384,-0.184],[-0.408,0],[-0.348,0.168],[-0.208,0.332],[0,0],[0,0],[0,0],[0,0],[0,0],[0,0],[0,0],[0,0],[0,0],[0,0],[0,0],[0,-0.272],[0.156,-0.136]],"v":[[17.358,12.368],[18.15,12.56],[18.426,11.3],[17.25,11.024],[16.116,11.276],[15.282,12.026],[14.97,13.232],[14.97,13.844],[14.13,13.844],[14.13,14.984],[14.97,14.984],[14.97,20],[16.53,20],[16.53,14.984],[18.138,14.984],[18.138,13.844],[16.53,13.844],[16.53,13.184],[16.764,12.572]],"c":true},"ix":2},"nm":"f","mn":"ADBE Vector Shape - Group","hd":false},{"ty":"fl","c":{"a":0,"k":[0.984309955672,0.984309955672,0.984309955672,1],"ix":4},"o":{"a":0,"k":100,"ix":5},"r":1,"bm":0,"nm":"Fill 1","mn":"ADBE Vector Graphic - Fill","hd":false},{"ty":"tr","p":{"a":0,"k":[0,0],"ix":2},"a":{"a":0,"k":[0,0],"ix":1},"s":{"a":0,"k":[100,100],"ix":3},"r":{"a":0,"k":0,"ix":6},"o":{"a":0,"k":100,"ix":7},"sk":{"a":0,"k":0,"ix":4},"sa":{"a":0,"k":0,"ix":5},"nm":"Transform"}],"nm":"f","np":3,"cix":2,"bm":0,"ix":34,"mn":"ADBE Vector Group","hd":false},{"ty":"gr","it":[{"ind":0,"ty":"sh","ix":1,"ks":{"a":0,"k":{"i":[[0,0],[0.24,0],[0.112,0.124],[0,0.296],[0,0],[0,0],[0,0],[0,0],[0,0],[0,0],[0,0],[0,0],[0,0],[0,0],[0,0],[-0.352,-0.324],[-0.552,0],[-0.512,0.312]],"o":[[-0.368,0.176],[-0.224,0],[-0.112,-0.124],[0,0],[0,0],[0,0],[0,0],[0,0],[0,0],[0,0],[0,0],[0,0],[0,0],[0,0],[0,0.632],[0.352,0.324],[0.56,0],[0,0]],"v":[[23.19,18.428],[22.278,18.692],[21.774,18.506],[21.606,17.876],[21.606,14.984],[23.442,14.984],[23.442,13.844],[21.606,13.844],[21.606,12.08],[20.058,12.08],[20.058,13.844],[19.146,13.844],[19.158,14.984],[20.058,14.984],[20.058,18.152],[20.586,19.586],[21.942,20.072],[23.55,19.604]],"c":true},"ix":2},"nm":"t","mn":"ADBE Vector Shape - Group","hd":false},{"ty":"fl","c":{"a":0,"k":[0.984309955672,0.984309955672,0.984309955672,1],"ix":4},"o":{"a":0,"k":100,"ix":5},"r":1,"bm":0,"nm":"Fill 1","mn":"ADBE Vector Graphic - Fill","hd":false},{"ty":"tr","p":{"a":0,"k":[0,0],"ix":2},"a":{"a":0,"k":[0,0],"ix":1},"s":{"a":0,"k":[100,100],"ix":3},"r":{"a":0,"k":0,"ix":6},"o":{"a":0,"k":100,"ix":7},"sk":{"a":0,"k":0,"ix":4},"sa":{"a":0,"k":0,"ix":5},"nm":"Transform"}],"nm":"t","np":3,"cix":2,"bm":0,"ix":35,"mn":"ADBE Vector Group","hd":false},{"ty":"gr","it":[{"ind":0,"ty":"sh","ix":1,"ks":{"a":0,"k":{"i":[[0,0],[0,0],[0,0],[0,0],[0,0],[0,0],[0,0],[0,0],[0,0],[0,0],[0,0],[0,0],[0,0]],"o":[[0,0],[0,0],[0,0],[0,0],[0,0],[0,0],[0,0],[0,0],[0,0],[0,0],[0,0],[0,0],[0,0]],"v":[[26.742,20],[28.337,20],[29.861,15.476],[31.397,20],[32.993,20],[35.322,13.58],[33.749,13.58],[32.214,18.428],[30.665,13.58],[29.094,13.58],[27.57,18.428],[25.997,13.58],[24.389,13.592]],"c":true},"ix":2},"nm":"w","mn":"ADBE Vector Shape - Group","hd":false},{"ty":"fl","c":{"a":0,"k":[0.984309955672,0.984309955672,0.984309955672,1],"ix":4},"o":{"a":0,"k":100,"ix":5},"r":1,"bm":0,"nm":"Fill 1","mn":"ADBE Vector Graphic - Fill","hd":false},{"ty":"tr","p":{"a":0,"k":[0,0],"ix":2},"a":{"a":0,"k":[0,0],"ix":1},"s":{"a":0,"k":[100,100],"ix":3},"r":{"a":0,"k":0,"ix":6},"o":{"a":0,"k":100,"ix":7},"sk":{"a":0,"k":0,"ix":4},"sa":{"a":0,"k":0,"ix":5},"nm":"Transform"}],"nm":"w","np":3,"cix":2,"bm":0,"ix":36,"mn":"ADBE Vector Group","hd":false},{"ty":"gr","it":[{"ind":0,"ty":"sh","ix":1,"ks":{"a":0,"k":{"i":[[0,0],[0,0],[0.46,0.4],[0.832,0],[0.412,-0.124],[0.504,-0.28],[0,0],[-0.608,0],[-0.248,-0.208],[0,-0.376],[0,0],[0,0],[0.424,-0.34],[0,-0.6],[-0.184,-0.304],[-0.34,-0.172],[-0.448,0],[-0.352,0.144],[-0.224,0.28],[0,0]],"o":[[0,0],[-0.008,-0.72],[-0.46,-0.4],[-0.552,0],[-0.412,0.124],[0,0],[0.664,-0.4],[0.472,0],[0.248,0.208],[0,0],[0,0],[-0.776,0.008],[-0.424,0.34],[0,0.376],[0.184,0.304],[0.34,0.172],[0.456,0],[0.352,-0.144],[0,0],[0,0]],"v":[[41.981,20],[41.969,15.8],[41.268,14.12],[39.329,13.52],[37.883,13.706],[36.509,14.312],[37.074,15.392],[38.981,14.792],[40.061,15.104],[40.434,15.98],[40.434,16.148],[38.561,16.148],[36.762,16.67],[36.126,18.08],[36.402,19.1],[37.188,19.814],[38.369,20.072],[39.581,19.856],[40.445,19.22],[40.445,20]],"c":true},"ix":2},"nm":"a","mn":"ADBE Vector Shape - Group","hd":false},{"ind":1,"ty":"sh","ix":2,"ks":{"a":0,"k":{"i":[[0.448,0],[0.204,0.16],[0,0.272],[-0.196,0.124],[-0.416,0],[0,0],[0,0],[0.32,-0.212]],"o":[[-0.352,0],[-0.204,-0.16],[0,-0.28],[0.196,-0.124],[0,0],[0,0],[-0.04,0.312],[-0.32,0.212]],"v":[[38.742,18.872],[37.908,18.632],[37.602,17.984],[37.895,17.378],[38.813,17.192],[40.434,17.192],[40.434,17.768],[39.893,18.554]],"c":true},"ix":2},"nm":"a","mn":"ADBE Vector Shape - Group","hd":false},{"ty":"mm","mm":1,"nm":"Merge Paths 1","mn":"ADBE Vector Filter - Merge","hd":false},{"ty":"fl","c":{"a":0,"k":[0.984309955672,0.984309955672,0.984309955672,1],"ix":4},"o":{"a":0,"k":100,"ix":5},"r":1,"bm":0,"nm":"Fill 1","mn":"ADBE Vector Graphic - Fill","hd":false},{"ty":"tr","p":{"a":0,"k":[0,0],"ix":2},"a":{"a":0,"k":[0,0],"ix":1},"s":{"a":0,"k":[100,100],"ix":3},"r":{"a":0,"k":0,"ix":6},"o":{"a":0,"k":100,"ix":7},"sk":{"a":0,"k":0,"ix":4},"sa":{"a":0,"k":0,"ix":5},"nm":"Transform"}],"nm":"a","np":5,"cix":2,"bm":0,"ix":37,"mn":"ADBE Vector Group","hd":false},{"ty":"gr","it":[{"ind":0,"ty":"sh","ix":1,"ks":{"a":0,"k":{"i":[[0.216,-0.416],[0,0],[0,0],[0,0],[0,0],[0,0],[-0.396,0.348],[-0.664,-0.04],[0,0],[0.372,-0.22]],"o":[[0,0],[0,0],[0,0],[0,0],[0,0],[0,-0.592],[0.396,-0.348],[0,0],[-0.496,0.008],[-0.372,0.22]],"v":[[45.893,14.816],[45.893,13.58],[44.333,13.58],[44.333,20],[45.893,20],[45.893,16.904],[46.487,15.494],[48.077,15.032],[48.077,13.52],[46.775,13.862]],"c":true},"ix":2},"nm":"r","mn":"ADBE Vector Shape - Group","hd":false},{"ty":"fl","c":{"a":0,"k":[0.984309955672,0.984309955672,0.984309955672,1],"ix":4},"o":{"a":0,"k":100,"ix":5},"r":1,"bm":0,"nm":"Fill 1","mn":"ADBE Vector Graphic - Fill","hd":false},{"ty":"tr","p":{"a":0,"k":[0,0],"ix":2},"a":{"a":0,"k":[0,0],"ix":1},"s":{"a":0,"k":[100,100],"ix":3},"r":{"a":0,"k":0,"ix":6},"o":{"a":0,"k":100,"ix":7},"sk":{"a":0,"k":0,"ix":4},"sa":{"a":0,"k":0,"ix":5},"nm":"Transform"}],"nm":"r","np":3,"cix":2,"bm":0,"ix":38,"mn":"ADBE Vector Group","hd":false},{"ty":"gr","it":[{"ind":0,"ty":"sh","ix":1,"ks":{"a":0,"k":{"i":[[1.024,0],[0.496,-0.276],[0.276,-0.496],[0,-0.64],[-0.272,-0.492],[-0.5,-0.272],[-0.656,0],[-0.46,0.192],[-0.32,0.352],[0,0],[0.3,-0.124],[0.328,0],[0.324,0.26],[0.104,0.456],[0,0],[0,0.208],[0.516,0.584]],"o":[[-0.632,0],[-0.496,0.276],[-0.276,0.496],[0,0.64],[0.272,0.492],[0.5,0.272],[0.56,0],[0.46,-0.192],[0,0],[-0.224,0.232],[-0.3,0.124],[-0.472,0],[-0.324,-0.26],[0,0],[0.008,-0.104],[0,-1.056],[-0.516,-0.584]],"v":[[52.445,13.532],[50.753,13.946],[49.595,15.104],[49.181,16.808],[49.589,18.506],[50.747,19.652],[52.481,20.06],[54.011,19.772],[55.181,18.956],[54.341,18.08],[53.555,18.614],[52.613,18.8],[51.419,18.41],[50.777,17.336],[55.517,17.336],[55.529,16.868],[54.755,14.408]],"c":true},"ix":2},"nm":"e","mn":"ADBE Vector Shape - Group","hd":false},{"ind":1,"ty":"sh","ix":2,"ks":{"a":0,"k":{"i":[[0,0],[-0.308,0.276],[-0.456,0],[-0.296,-0.28],[-0.016,-0.472]],"o":[[0.072,-0.48],[0.308,-0.276],[0.488,0],[0.296,0.28],[0,0]],"v":[[50.741,16.292],[51.311,15.158],[52.457,14.744],[53.633,15.164],[54.101,16.292]],"c":true},"ix":2},"nm":"e","mn":"ADBE Vector Shape - Group","hd":false},{"ty":"mm","mm":1,"nm":"Merge Paths 1","mn":"ADBE Vector Filter - Merge","hd":false},{"ty":"fl","c":{"a":0,"k":[0.984309955672,0.984309955672,0.984309955672,1],"ix":4},"o":{"a":0,"k":100,"ix":5},"r":1,"bm":0,"nm":"Fill 1","mn":"ADBE Vector Graphic - Fill","hd":false},{"ty":"tr","p":{"a":0,"k":[0,0],"ix":2},"a":{"a":0,"k":[0,0],"ix":1},"s":{"a":0,"k":[100,100],"ix":3},"r":{"a":0,"k":0,"ix":6},"o":{"a":0,"k":100,"ix":7},"sk":{"a":0,"k":0,"ix":4},"sa":{"a":0,"k":0,"ix":5},"nm":"Transform"}],"nm":"e","np":5,"cix":2,"bm":0,"ix":39,"mn":"ADBE Vector Group","hd":false}],"ip":144,"op":241,"st":10,"bm":0},{"ddd":0,"ind":2,"ty":5,"nm":"For Bagisto","sr":1,"ks":{"o":{"a":1,"k":[{"i":{"x":[0.2],"y":[1]},"o":{"x":[0],"y":[0]},"t":105,"s":[0]},{"i":{"x":[0.2],"y":[1]},"o":{"x":[0],"y":[0]},"t":135,"s":[100]},{"i":{"x":[0.2],"y":[1]},"o":{"x":[0],"y":[0]},"t":220,"s":[100]},{"t":240,"s":[0]}],"ix":11},"r":{"a":0,"k":0,"ix":10},"p":{"a":1,"k":[{"i":{"x":0.2,"y":1},"o":{"x":0,"y":0},"t":105,"s":[180,405,0],"to":[0,-5.833,0],"ti":[0,5.833,0]},{"t":135,"s":[180,370,0]}],"ix":2},"a":{"a":0,"k":[63,-5.07,0],"ix":1},"s":{"a":0,"k":[100,100,100],"ix":6}},"ao":0,"t":{"d":{"k":[{"s":{"s":20,"f":"Montserrat-Regular","t":"For Bagisto","j":0,"tr":50,"lh":24,"ls":0,"fc":[0.984,0.984,0.984]},"t":0}]},"p":{},"m":{"g":1,"a":{"a":0,"k":[0,0],"ix":2}},"a":[]},"ip":105,"op":241,"st":-16,"bm":0},{"ddd":0,"ind":3,"ty":3,"nm":"Null 1","sr":1,"ks":{"o":{"a":0,"k":0,"ix":11},"r":{"a":0,"k":0,"ix":10},"p":{"a":0,"k":[172.5,320,0],"ix":2},"a":{"a":0,"k":[0,0,0],"ix":1},"s":{"a":0,"k":[100,100,100],"ix":6}},"ao":0,"ip":0,"op":1200,"st":0,"bm":0},{"ddd":0,"ind":4,"ty":4,"nm":"Layer 9 Outlines","parent":3,"sr":1,"ks":{"o":{"a":1,"k":[{"i":{"x":[0.2],"y":[1]},"o":{"x":[0],"y":[0]},"t":90,"s":[0]},{"i":{"x":[0.2],"y":[1]},"o":{"x":[0],"y":[0]},"t":121,"s":[100]},{"i":{"x":[0.2],"y":[1]},"o":{"x":[0],"y":[0]},"t":220,"s":[100]},{"t":240,"s":[0]}],"ix":11},"r":{"a":0,"k":0,"ix":10},"p":{"a":1,"k":[{"i":{"x":0.2,"y":1},"o":{"x":0,"y":0},"t":90,"s":[218.27,-2.132,0],"to":[-14.667,0,0],"ti":[14.667,0,0]},{"t":121,"s":[130.27,-2.132,0]}],"ix":2},"a":{"a":0,"k":[4.543,34.647,0],"ix":1},"s":{"a":0,"k":[50,50,100],"ix":6}},"ao":0,"ef":[{"ty":5,"nm":"Transform Spring","np":5,"mn":"Pseudo/DUIK 1d spring","ix":1,"en":1,"ef":[{"ty":0,"nm":"Elasticity","mn":"Pseudo/DUIK 1d spring-0001","ix":1,"v":{"a":0,"k":2,"ix":1}},{"ty":0,"nm":"Damping","mn":"Pseudo/DUIK 1d spring-0002","ix":2,"v":{"a":0,"k":8,"ix":2}},{"ty":7,"nm":"Bounce","mn":"Pseudo/DUIK 1d spring-0003","ix":3,"v":{"a":0,"k":0,"ix":3}}]}],"shapes":[{"ty":"gr","it":[{"ind":0,"ty":"sh","ix":1,"ks":{"a":0,"k":{"i":[[0,0],[0,0],[0,0],[0,0]],"o":[[0,0],[0,0],[0,0],[0,0]],"v":[[-4.293,34.398],[4.293,34.398],[4.293,-34.398],[-4.293,-34.398]],"c":true},"ix":2},"nm":"Path 1","mn":"ADBE Vector Shape - Group","hd":false},{"ty":"fl","c":{"a":0,"k":[1,1,1,1],"ix":4},"o":{"a":0,"k":100,"ix":5},"r":1,"bm":0,"nm":"Fill 1","mn":"ADBE Vector Graphic - Fill","hd":false},{"ty":"tr","p":{"a":0,"k":[4.543,34.647],"ix":2},"a":{"a":0,"k":[0,0],"ix":1},"s":{"a":0,"k":[100,100],"ix":3},"r":{"a":0,"k":0,"ix":6},"o":{"a":0,"k":100,"ix":7},"sk":{"a":0,"k":0,"ix":4},"sa":{"a":0,"k":0,"ix":5},"nm":"Transform"}],"nm":"Group 1","np":2,"cix":2,"bm":0,"ix":1,"mn":"ADBE Vector Group","hd":false}],"ip":90,"op":241,"st":-22.5,"bm":0},{"ddd":0,"ind":5,"ty":4,"nm":"Layer 8 Outlines","parent":3,"sr":1,"ks":{"o":{"a":1,"k":[{"i":{"x":[0.2],"y":[1]},"o":{"x":[0],"y":[0]},"t":87,"s":[0]},{"i":{"x":[0.2],"y":[1]},"o":{"x":[0],"y":[0]},"t":118,"s":[100]},{"i":{"x":[0.2],"y":[1]},"o":{"x":[0],"y":[0]},"t":220,"s":[100]},{"t":240,"s":[0]}],"ix":11},"r":{"a":0,"k":0,"ix":10},"p":{"a":1,"k":[{"i":{"x":0.2,"y":1},"o":{"x":0,"y":0},"t":87,"s":[197.06,2.944,0],"to":[-14.667,0,0],"ti":[14.667,0,0]},{"t":118,"s":[109.06,2.944,0]}],"ix":2},"a":{"a":0,"k":[22.83,25.051,0],"ix":1},"s":{"a":0,"k":[50,50,100],"ix":6}},"ao":0,"ef":[{"ty":5,"nm":"Transform Spring","np":5,"mn":"Pseudo/DUIK 1d spring","ix":1,"en":1,"ef":[{"ty":0,"nm":"Elasticity","mn":"Pseudo/DUIK 1d spring-0001","ix":1,"v":{"a":0,"k":2,"ix":1}},{"ty":0,"nm":"Damping","mn":"Pseudo/DUIK 1d spring-0002","ix":2,"v":{"a":0,"k":8,"ix":2}},{"ty":7,"nm":"Bounce","mn":"Pseudo/DUIK 1d spring-0003","ix":3,"v":{"a":0,"k":0,"ix":3}}]}],"shapes":[{"ty":"gr","it":[{"ind":0,"ty":"sh","ix":1,"ks":{"a":0,"k":{"i":[[0,0],[2.769,-3.445],[4.168,0.113],[2.47,2.405],[-0.214,3.55],[0,0],[0,0],[0,0],[-3.373,-3.839],[-4.946,0.278],[-3.2,6.984],[0,0],[0,0],[0,0],[0,0]],"o":[[0.179,4.416],[-2.685,3.19],[-3.443,0.19],[-2.371,-2.65],[0,0],[0,0],[0,0],[-0.296,5.1],[3.512,3.495],[8.864,-0.123],[0,0],[0,0],[0,0],[0,0],[0,0]],"v":[[13.904,-0.698],[9.886,11.495],[-0.96,16.364],[-10.238,12.888],[-13.608,3.199],[-13.608,-24.801],[-22.284,-24.801],[-22.284,5.517],[-17.483,19.469],[-4.192,24.523],[13.903,13.862],[13.903,24.245],[22.58,24.245],[22.58,-24.801],[13.904,-24.801]],"c":true},"ix":2},"nm":"Path 1","mn":"ADBE Vector Shape - Group","hd":false},{"ty":"fl","c":{"a":0,"k":[1,1,1,1],"ix":4},"o":{"a":0,"k":100,"ix":5},"r":1,"bm":0,"nm":"Fill 1","mn":"ADBE Vector Graphic - Fill","hd":false},{"ty":"tr","p":{"a":0,"k":[22.83,25.051],"ix":2},"a":{"a":0,"k":[0,0],"ix":1},"s":{"a":0,"k":[100,100],"ix":3},"r":{"a":0,"k":0,"ix":6},"o":{"a":0,"k":100,"ix":7},"sk":{"a":0,"k":0,"ix":4},"sa":{"a":0,"k":0,"ix":5},"nm":"Transform"}],"nm":"Group 1","np":2,"cix":2,"bm":0,"ix":1,"mn":"ADBE Vector Group","hd":false}],"ip":87,"op":241,"st":-25.5,"bm":0},{"ddd":0,"ind":6,"ty":4,"nm":"Layer 7 Outlines","parent":3,"sr":1,"ks":{"o":{"a":1,"k":[{"i":{"x":[0.2],"y":[1]},"o":{"x":[0],"y":[0]},"t":85,"s":[0]},{"i":{"x":[0.2],"y":[1]},"o":{"x":[0],"y":[0]},"t":116,"s":[100]},{"i":{"x":[0.2],"y":[1]},"o":{"x":[0],"y":[0]},"t":220,"s":[100]},{"t":240,"s":[0]}],"ix":11},"r":{"a":0,"k":0,"ix":10},"p":{"a":1,"k":[{"i":{"x":0.2,"y":1},"o":{"x":0,"y":0},"t":85,"s":[171.931,-2.133,0],"to":[-14.667,0,0],"ti":[14.667,0,0]},{"t":116,"s":[83.931,-2.133,0]}],"ix":2},"a":{"a":0,"k":[22.268,34.647,0],"ix":1},"s":{"a":0,"k":[50,50,100],"ix":6}},"ao":0,"ef":[{"ty":5,"nm":"Transform Spring","np":5,"mn":"Pseudo/DUIK 1d spring","ix":1,"en":1,"ef":[{"ty":0,"nm":"Elasticity","mn":"Pseudo/DUIK 1d spring-0001","ix":1,"v":{"a":0,"k":2,"ix":1}},{"ty":0,"nm":"Damping","mn":"Pseudo/DUIK 1d spring-0002","ix":2,"v":{"a":0,"k":8,"ix":2}},{"ty":7,"nm":"Bounce","mn":"Pseudo/DUIK 1d spring-0003","ix":3,"v":{"a":0,"k":0,"ix":3}}]}],"shapes":[{"ty":"gr","it":[{"ind":0,"ty":"sh","ix":1,"ks":{"a":0,"k":{"i":[[0,0],[0,0],[0,0],[0,0],[0,0],[0,0],[0,0],[0,0],[0,0],[0,0],[0,0],[0,0]],"o":[[0,0],[0,0],[0,0],[0,0],[0,0],[0,0],[0,0],[0,0],[0,0],[0,0],[0,0],[0,0]],"v":[[20.264,-14.649],[10.201,-14.649],[-13.431,9.458],[-13.431,-34.398],[-22.018,-34.398],[-22.018,34.398],[-13.431,34.398],[-13.431,20.492],[-3.912,10.57],[11.689,34.398],[22.018,34.398],[2.077,4.358]],"c":true},"ix":2},"nm":"Path 1","mn":"ADBE Vector Shape - Group","hd":false},{"ty":"fl","c":{"a":0,"k":[1,1,1,1],"ix":4},"o":{"a":0,"k":100,"ix":5},"r":1,"bm":0,"nm":"Fill 1","mn":"ADBE Vector Graphic - Fill","hd":false},{"ty":"tr","p":{"a":0,"k":[22.268,34.648],"ix":2},"a":{"a":0,"k":[0,0],"ix":1},"s":{"a":0,"k":[100,100],"ix":3},"r":{"a":0,"k":0,"ix":6},"o":{"a":0,"k":100,"ix":7},"sk":{"a":0,"k":0,"ix":4},"sa":{"a":0,"k":0,"ix":5},"nm":"Transform"}],"nm":"Group 1","np":2,"cix":2,"bm":0,"ix":1,"mn":"ADBE Vector Group","hd":false}],"ip":85,"op":241,"st":-27.5,"bm":0},{"ddd":0,"ind":7,"ty":4,"nm":"Layer 6 Outlines","parent":3,"sr":1,"ks":{"o":{"a":1,"k":[{"i":{"x":[0.2],"y":[1]},"o":{"x":[0],"y":[0]},"t":82,"s":[0]},{"i":{"x":[0.2],"y":[1]},"o":{"x":[0],"y":[0]},"t":113,"s":[100]},{"i":{"x":[0.2],"y":[1]},"o":{"x":[0],"y":[0]},"t":220,"s":[100]},{"t":240,"s":[0]}],"ix":11},"r":{"a":0,"k":0,"ix":10},"p":{"a":1,"k":[{"i":{"x":0.2,"y":1},"o":{"x":0,"y":0},"t":82,"s":[150.985,-2.218,0],"to":[-14.667,0,0],"ti":[14.667,0,0]},{"t":113,"s":[62.985,-2.218,0]}],"ix":2},"a":{"a":0,"k":[5.653,34.818,0],"ix":1},"s":{"a":0,"k":[50,50,100],"ix":6}},"ao":0,"ef":[{"ty":5,"nm":"Transform Spring","np":5,"mn":"Pseudo/DUIK 1d spring","ix":1,"en":1,"ef":[{"ty":0,"nm":"Elasticity","mn":"Pseudo/DUIK 1d spring-0001","ix":1,"v":{"a":0,"k":2,"ix":1}},{"ty":0,"nm":"Damping","mn":"Pseudo/DUIK 1d spring-0002","ix":2,"v":{"a":0,"k":8,"ix":2}},{"ty":7,"nm":"Bounce","mn":"Pseudo/DUIK 1d spring-0003","ix":3,"v":{"a":0,"k":0,"ix":3}}]}],"shapes":[{"ty":"gr","it":[{"ind":0,"ty":"sh","ix":1,"ks":{"a":0,"k":{"i":[[0,0],[0,0],[0,0],[0,0]],"o":[[0,0],[0,0],[0,0],[0,0]],"v":[[-4.294,24.523],[4.294,24.523],[4.294,-24.523],[-4.294,-24.523]],"c":true},"ix":2},"nm":"Path 1","mn":"ADBE Vector Shape - Group","hd":false},{"ty":"fl","c":{"a":0,"k":[1,1,1,1],"ix":4},"o":{"a":0,"k":100,"ix":5},"r":1,"bm":0,"nm":"Fill 1","mn":"ADBE Vector Graphic - Fill","hd":false},{"ty":"tr","p":{"a":0,"k":[5.701,44.864],"ix":2},"a":{"a":0,"k":[0,0],"ix":1},"s":{"a":0,"k":[100,100],"ix":3},"r":{"a":0,"k":0,"ix":6},"o":{"a":0,"k":100,"ix":7},"sk":{"a":0,"k":0,"ix":4},"sa":{"a":0,"k":0,"ix":5},"nm":"Transform"}],"nm":"Group 1","np":2,"cix":2,"bm":0,"ix":1,"mn":"ADBE Vector Group","hd":false},{"ty":"gr","it":[{"ind":0,"ty":"sh","ix":1,"ks":{"a":0,"k":{"i":[[2.121,-2.104],[-0.051,-1.48],[-1.024,-1.069],[-2.121,2.104],[0.048,1.48],[1.023,1.07]],"o":[[-1.024,1.069],[-0.051,1.48],[2.121,2.104],[1.023,-1.07],[0.048,-1.48],[-2.121,-2.104]],"v":[[-3.83,-3.987],[-5.352,0],[-3.83,3.987],[3.832,3.987],[5.355,0],[3.832,-3.987]],"c":true},"ix":2},"nm":"Path 1","mn":"ADBE Vector Shape - Group","hd":false},{"ty":"fl","c":{"a":0,"k":[1,1,1,1],"ix":4},"o":{"a":0,"k":100,"ix":5},"r":1,"bm":0,"nm":"Fill 1","mn":"ADBE Vector Graphic - Fill","hd":false},{"ty":"tr","p":{"a":0,"k":[5.653,6.341],"ix":2},"a":{"a":0,"k":[0,0],"ix":1},"s":{"a":0,"k":[100,100],"ix":3},"r":{"a":0,"k":0,"ix":6},"o":{"a":0,"k":100,"ix":7},"sk":{"a":0,"k":0,"ix":4},"sa":{"a":0,"k":0,"ix":5},"nm":"Transform"}],"nm":"Group 2","np":2,"cix":2,"bm":0,"ix":2,"mn":"ADBE Vector Group","hd":false}],"ip":82,"op":241,"st":-30.5,"bm":0},{"ddd":0,"ind":8,"ty":4,"nm":"Layer 5 Outlines","parent":3,"sr":1,"ks":{"o":{"a":1,"k":[{"i":{"x":[0.2],"y":[1]},"o":{"x":[0],"y":[0]},"t":79,"s":[0]},{"i":{"x":[0.2],"y":[1]},"o":{"x":[0],"y":[0]},"t":110,"s":[100]},{"i":{"x":[0.2],"y":[1]},"o":{"x":[0],"y":[0]},"t":220,"s":[100]},{"t":240,"s":[0]}],"ix":11},"r":{"a":0,"k":0,"ix":10},"p":{"a":1,"k":[{"i":{"x":0.2,"y":1},"o":{"x":0,"y":0},"t":79,"s":[131.167,-2.047,0],"to":[-14.667,0,0],"ti":[14.667,0,0]},{"t":110,"s":[43.167,-2.047,0]}],"ix":2},"a":{"a":0,"k":[25.352,34.818,0],"ix":1},"s":{"a":0,"k":[50,50,100],"ix":6}},"ao":0,"ef":[{"ty":5,"nm":"Transform Spring","np":5,"mn":"Pseudo/DUIK 1d spring","ix":1,"en":1,"ef":[{"ty":0,"nm":"Elasticity","mn":"Pseudo/DUIK 1d spring-0001","ix":1,"v":{"a":0,"k":2,"ix":1}},{"ty":0,"nm":"Damping","mn":"Pseudo/DUIK 1d spring-0002","ix":2,"v":{"a":0,"k":8,"ix":2}},{"ty":7,"nm":"Bounce","mn":"Pseudo/DUIK 1d spring-0003","ix":3,"v":{"a":0,"k":0,"ix":3}}]}],"shapes":[{"ty":"gr","it":[{"ind":0,"ty":"sh","ix":1,"ks":{"a":0,"k":{"i":[[1.414,-2.784],[2.487,-1.479],[5.24,2.969],[1.346,2.557],[-0.062,3.143],[-1.438,2.744],[-2.494,1.483],[-2.966,-0.046],[-2.539,-1.505],[-1.331,-2.566],[0.043,-3.097]],"o":[[-1.312,2.58],[-5.241,2.969],[-2.485,-1.475],[-1.456,-2.788],[-0.043,-3.097],[1.336,-2.576],[2.56,-1.502],[2.951,-0.05],[2.473,1.496],[1.435,2.745],[0.051,3.122]],"v":[[14.167,18.559],[8.35,24.771],[-8.544,24.771],[-14.404,18.605],[-16.529,9.564],[-14.404,0.665],[-8.544,-5.547],[-0.096,-7.771],[8.303,-5.547],[14.121,0.665],[16.242,9.564]],"c":true},"ix":2},"nm":"Path 1","mn":"ADBE Vector Shape - Group","hd":false},{"ind":1,"ty":"sh","ix":2,"ks":{"a":0,"k":{"i":[[2.028,4.02],[3.553,2.083],[0,0],[4.274,-0.074],[3.301,-1.778],[1.693,-3.12],[0,0],[0,0],[0,0],[0,0],[0,0],[-3.122,-1.714],[-3.788,0.078],[-3.694,2.112],[-1.843,3.632],[0.084,4.452]],"o":[[-1.873,-3.668],[0,0],[-3.702,-2.138],[-3.749,-0.077],[-3.104,1.724],[0,0],[0,0],[0,0],[0,0],[0,0],[1.701,3.129],[3.345,1.78],[4.253,0.079],[3.519,-2.05],[1.994,-3.982],[0.088,-4.502]],"v":[[22.06,-3.14],[13.751,-11.947],[13.751,-11.944],[1.561,-15.097],[-9.196,-12.502],[-16.54,-5.085],[-16.54,-34.568],[-25.102,-34.568],[-25.102,34.208],[-16.516,34.208],[-16.516,24.475],[-9.131,31.891],[1.748,34.488],[13.89,31.383],[22.106,22.68],[25.014,9.839]],"c":true},"ix":2},"nm":"Path 2","mn":"ADBE Vector Shape - Group","hd":false},{"ty":"mm","mm":1,"nm":"Merge Paths 1","mn":"ADBE Vector Filter - Merge","hd":false},{"ty":"fl","c":{"a":0,"k":[1,1,1,1],"ix":4},"o":{"a":0,"k":100,"ix":5},"r":1,"bm":0,"nm":"Fill 1","mn":"ADBE Vector Graphic - Fill","hd":false},{"ty":"tr","p":{"a":0,"k":[25.352,34.818],"ix":2},"a":{"a":0,"k":[0,0],"ix":1},"s":{"a":0,"k":[100,100],"ix":3},"r":{"a":0,"k":0,"ix":6},"o":{"a":0,"k":100,"ix":7},"sk":{"a":0,"k":0,"ix":4},"sa":{"a":0,"k":0,"ix":5},"nm":"Transform"}],"nm":"Group 1","np":4,"cix":2,"bm":0,"ix":1,"mn":"ADBE Vector Group","hd":false}],"ip":79,"op":241,"st":-33.5,"bm":0},{"ddd":0,"ind":9,"ty":4,"nm":"Layer 4 Outlines","parent":3,"sr":1,"ks":{"o":{"a":1,"k":[{"i":{"x":[0.2],"y":[1]},"o":{"x":[0],"y":[0]},"t":76,"s":[0]},{"i":{"x":[0.2],"y":[1]},"o":{"x":[0],"y":[0]},"t":107,"s":[100]},{"i":{"x":[0.2],"y":[1]},"o":{"x":[0],"y":[0]},"t":220,"s":[100]},{"t":240,"s":[0]}],"ix":11},"r":{"a":0,"k":0,"ix":10},"p":{"a":1,"k":[{"i":{"x":0.2,"y":1},"o":{"x":0,"y":0},"t":76,"s":[100.656,2.803,0],"to":[-14.667,0,0],"ti":[14.667,0,0]},{"t":107,"s":[12.656,2.803,0]}],"ix":2},"a":{"a":0,"k":[25.407,26.102,0],"ix":1},"s":{"a":0,"k":[50,50,100],"ix":6}},"ao":0,"ef":[{"ty":5,"nm":"Transform Spring","np":5,"mn":"Pseudo/DUIK 1d spring","ix":1,"en":1,"ef":[{"ty":0,"nm":"Elasticity","mn":"Pseudo/DUIK 1d spring-0001","ix":1,"v":{"a":0,"k":2,"ix":1}},{"ty":0,"nm":"Damping","mn":"Pseudo/DUIK 1d spring-0002","ix":2,"v":{"a":0,"k":8,"ix":2}},{"ty":7,"nm":"Bounce","mn":"Pseudo/DUIK 1d spring-0003","ix":3,"v":{"a":0,"k":0,"ix":3}}]}],"shapes":[{"ty":"gr","it":[{"ind":0,"ty":"sh","ix":1,"ks":{"a":0,"k":{"i":[[1.422,-2.814],[2.492,-1.451],[2.961,0.048],[2.599,1.48],[1.303,2.573],[-0.057,3.153],[-1.418,2.766],[-2.481,1.47],[-2.994,-0.056],[-2.56,-1.5],[-1.321,-2.56],[0.054,-3.107]],"o":[[-1.303,2.573],[-2.57,1.472],[-2.989,0.054],[-2.492,-1.451],[-1.422,-2.814],[-0.054,-3.107],[1.321,-2.563],[2.588,-1.506],[2.967,-0.046],[2.478,1.47],[1.418,2.767],[0.057,3.153]],"v":[[14.312,9.145],[8.498,15.311],[0.049,17.487],[-8.488,15.311],[-14.303,9.145],[-16.381,0.058],[-14.303,-8.89],[-8.485,-15.063],[0.049,-17.28],[8.498,-15.056],[14.312,-8.89],[16.39,0.058]],"c":true},"ix":2},"nm":"Path 1","mn":"ADBE Vector Shape - Group","hd":false},{"ind":1,"ty":"sh","ix":2,"ks":{"a":0,"k":{"i":[[3.716,2.033],[0,0],[8.171,-4.206],[2.075,-3.692],[-0.084,-4.487],[-2.178,-3.957],[-3.72,-2.031],[-8.169,4.204],[-2.064,3.713],[0.081,4.499],[2.171,3.926]],"o":[[0,0],[-8.171,-4.206],[-3.715,2.034],[-2.171,3.926],[-0.092,4.515],[2.078,3.694],[8.169,4.204],[3.725,-2.041],[2.167,-3.943],[0.085,-4.487],[-2.075,-3.693]],"v":[[13.026,-21.646],[13.023,-21.646],[-13.019,-21.646],[-21.88,-12.885],[-25.065,-0.044],[-21.88,12.888],[-13.008,21.648],[13.026,21.648],[21.887,12.841],[25.072,-0.044],[21.887,-12.885]],"c":true},"ix":2},"nm":"Path 2","mn":"ADBE Vector Shape - Group","hd":false},{"ty":"mm","mm":1,"nm":"Merge Paths 1","mn":"ADBE Vector Filter - Merge","hd":false},{"ty":"fl","c":{"a":0,"k":[1,1,1,1],"ix":4},"o":{"a":0,"k":100,"ix":5},"r":1,"bm":0,"nm":"Fill 1","mn":"ADBE Vector Graphic - Fill","hd":false},{"ty":"tr","p":{"a":0,"k":[25.407,26.102],"ix":2},"a":{"a":0,"k":[0,0],"ix":1},"s":{"a":0,"k":[100,100],"ix":3},"r":{"a":0,"k":0,"ix":6},"o":{"a":0,"k":100,"ix":7},"sk":{"a":0,"k":0,"ix":4},"sa":{"a":0,"k":0,"ix":5},"nm":"Transform"}],"nm":"Group 1","np":4,"cix":2,"bm":0,"ix":1,"mn":"ADBE Vector Group","hd":false}],"ip":76,"op":241,"st":-36.5,"bm":0},{"ddd":0,"ind":10,"ty":4,"nm":"Layer 3 Outlines","parent":3,"sr":1,"ks":{"o":{"a":1,"k":[{"i":{"x":[0.2],"y":[1]},"o":{"x":[0],"y":[0]},"t":73,"s":[0]},{"i":{"x":[0.2],"y":[1]},"o":{"x":[0],"y":[0]},"t":104,"s":[100]},{"i":{"x":[0.2],"y":[1]},"o":{"x":[0],"y":[0]},"t":220,"s":[100]},{"t":240,"s":[0]}],"ix":11},"r":{"a":0,"k":0,"ix":10},"p":{"a":1,"k":[{"i":{"x":0.2,"y":1},"o":{"x":0,"y":0},"t":73,"s":[63.485,2.669,0],"to":[-14.667,0,0],"ti":[14.667,0,0]},{"t":104,"s":[-24.515,2.669,0]}],"ix":2},"a":{"a":0,"k":[40.918,25.045,0],"ix":1},"s":{"a":0,"k":[50,50,100],"ix":6}},"ao":0,"ef":[{"ty":5,"nm":"Transform Spring","np":5,"mn":"Pseudo/DUIK 1d spring","ix":1,"en":1,"ef":[{"ty":0,"nm":"Elasticity","mn":"Pseudo/DUIK 1d spring-0001","ix":1,"v":{"a":0,"k":2,"ix":1}},{"ty":0,"nm":"Damping","mn":"Pseudo/DUIK 1d spring-0002","ix":2,"v":{"a":0,"k":8,"ix":2}},{"ty":7,"nm":"Bounce","mn":"Pseudo/DUIK 1d spring-0003","ix":3,"v":{"a":0,"k":0,"ix":3}}]}],"shapes":[{"ty":"gr","it":[{"ind":0,"ty":"sh","ix":1,"ks":{"a":0,"k":{"i":[[0,0],[4.926,-0.266],[3.015,-8.097],[3.024,2.222],[3.99,-0.15],[3.2,-6.923],[0,0],[0,0],[0,0],[0,0],[0,0],[-2.772,3.425],[-4.195,-0.065],[-2.462,-2.453],[0.207,-3.555],[0,0],[0,0],[0,0],[-2.744,3.438],[-4.183,-0.073],[-2.454,-2.436],[0.207,-3.563],[0,0],[0,0],[0,0],[3.357,3.83]],"o":[[-3.469,-3.508],[-9.663,0.123],[-0.881,-3.647],[-3.294,-2.256],[-8.924,0.123],[0,0],[0,0],[0,0],[0,0],[0,0],[-0.183,-4.403],[2.737,-3.18],[3.469,-0.203],[2.338,2.686],[0,0],[0,0],[0,0],[-0.185,-4.395],[2.713,-3.185],[3.453,-0.185],[2.365,2.672],[0,0],[0,0],[0,0],[0.28,-5.085],[0,0]],"v":[[35.585,-19.432],[22.386,-24.529],[3.369,-12.198],[-2.678,-21.285],[-13.895,-24.529],[-32.081,-13.96],[-32.081,-24.252],[-40.667,-24.252],[-40.667,24.792],[-32.085,24.792],[-32.085,0.586],[-28.068,-11.561],[-17.128,-16.476],[-7.805,-12.94],[-4.48,-3.205],[-4.48,24.792],[4.199,24.792],[4.199,0.586],[8.167,-11.561],[19.06,-16.476],[28.337,-12.94],[31.706,-3.205],[31.706,24.795],[40.387,24.795],[40.387,-5.523],[35.588,-19.43]],"c":true},"ix":2},"nm":"Path 1","mn":"ADBE Vector Shape - Group","hd":false},{"ty":"fl","c":{"a":0,"k":[1,1,1,1],"ix":4},"o":{"a":0,"k":100,"ix":5},"r":1,"bm":0,"nm":"Fill 1","mn":"ADBE Vector Graphic - Fill","hd":false},{"ty":"tr","p":{"a":0,"k":[40.917,25.045],"ix":2},"a":{"a":0,"k":[0,0],"ix":1},"s":{"a":0,"k":[100,100],"ix":3},"r":{"a":0,"k":0,"ix":6},"o":{"a":0,"k":100,"ix":7},"sk":{"a":0,"k":0,"ix":4},"sa":{"a":0,"k":0,"ix":5},"nm":"Transform"}],"nm":"Group 1","np":2,"cix":2,"bm":0,"ix":1,"mn":"ADBE Vector Group","hd":false}],"ip":73,"op":241,"st":-39.5,"bm":0},{"ddd":0,"ind":11,"ty":4,"nm":"Layer 1 Outlines","sr":1,"ks":{"o":{"a":1,"k":[{"i":{"x":[0.2],"y":[1]},"o":{"x":[0],"y":[0]},"t":0,"s":[0]},{"i":{"x":[0.833],"y":[1]},"o":{"x":[0],"y":[0]},"t":30,"s":[100]},{"i":{"x":[0.833],"y":[1]},"o":{"x":[0.167],"y":[0]},"t":50,"s":[80]},{"t":70,"s":[100]}],"ix":11},"r":{"a":0,"k":0,"ix":10},"p":{"a":1,"k":[{"i":{"x":0.2,"y":1},"o":{"x":0,"y":0},"t":0,"s":[180.003,360.451,0],"to":[0,-6.667,0],"ti":[0,6.667,0]},{"i":{"x":0.2,"y":0.2},"o":{"x":0,"y":0},"t":30,"s":[180.003,320.451,0],"to":[0,0,0],"ti":[0,0,0]},{"i":{"x":0.2,"y":1},"o":{"x":0,"y":0},"t":70,"s":[180.003,320.451,0],"to":[-16,0,0],"ti":[16,0,0]},{"i":{"x":0.2,"y":0.2},"o":{"x":0,"y":0},"t":100,"s":[84.003,320.451,0],"to":[0,0,0],"ti":[0,0,0]},{"i":{"x":0.2,"y":1},"o":{"x":0,"y":0},"t":220,"s":[84.003,320.451,0],"to":[16,0,0],"ti":[-16,0,0]},{"t":240,"s":[180.003,320.451,0]}],"ix":2},"a":{"a":0,"k":[58.924,44.66,0],"ix":1},"s":{"a":0,"k":[50,50,100],"ix":6}},"ao":0,"shapes":[{"ty":"gr","it":[{"ind":0,"ty":"sh","ix":1,"ks":{"a":0,"k":{"i":[[14.177,0.004],[0,0],[0,0],[0.013,-12.079],[-1.347,-2.896],[0,0],[-6.545,3.025],[0.012,5.101],[0,0]],"o":[[0,0],[0,0],[-12.079,-0.013],[-0.003,3.192],[0,0],[3.025,6.545],[4.629,-2.14],[0,0],[-0.006,-14.177]],"v":[[-0.956,-44.399],[-0.943,-44.396],[-2.835,-44.396],[-24.729,-22.549],[-22.689,-13.306],[-0.186,35.011],[17.143,41.384],[24.719,29.503],[24.719,-18.727]],"c":true},"ix":2},"nm":"Path 1","mn":"ADBE Vector Shape - Group","hd":false},{"ty":"fl","c":{"a":0,"k":[1,1,1,1],"ix":4},"o":{"a":0,"k":100,"ix":5},"r":1,"bm":0,"nm":"Fill 1","mn":"ADBE Vector Graphic - Fill","hd":false},{"ty":"tr","p":{"a":0,"k":[92.867,44.661],"ix":2},"a":{"a":0,"k":[0,0],"ix":1},"s":{"a":0,"k":[100,100],"ix":3},"r":{"a":0,"k":0,"ix":6},"o":{"a":0,"k":100,"ix":7},"sk":{"a":0,"k":0,"ix":4},"sa":{"a":0,"k":0,"ix":5},"nm":"Transform"}],"nm":"Group 1","np":2,"cix":2,"bm":0,"ix":1,"mn":"ADBE Vector Group","hd":false},{"ty":"gr","it":[{"ind":0,"ty":"sh","ix":1,"ks":{"a":0,"k":{"i":[[0,0],[12.995,-0.012],[0.016,-14.133],[0,0],[-5.629,-0.004],[0,0],[-0.007,5.759],[0.659,1.396],[0,0],[-2.068,0.977],[-0.977,-2.068],[0,0],[-5.224,-0.003],[0,0],[-0.013,5.622],[0.633,1.356]],"o":[[-5.491,-11.777],[-14.133,0.001],[0,0],[0.011,5.63],[0,0],[5.759,0.007],[0.001,-1.544],[0,0],[-0.976,-2.068],[2.069,-0.976],[0,0],[2.234,4.722],[0,0],[5.622,0.012],[0.003,-1.496],[0,0]],"v":[[15.089,-24.183],[-15.218,-43.472],[-40.828,-17.887],[-40.828,33.284],[-30.623,43.477],[-12.163,43.477],[-1.724,33.061],[-2.723,28.597],[-11.092,10.647],[-9.115,5.133],[-3.601,7.111],[9.788,35.713],[22,43.451],[30.622,43.451],[40.825,33.293],[39.869,28.964]],"c":true},"ix":2},"nm":"Path 1","mn":"ADBE Vector Shape - Group","hd":false},{"ty":"fl","c":{"a":0,"k":[1,1,1,1],"ix":4},"o":{"a":0,"k":100,"ix":5},"r":1,"bm":0,"nm":"Fill 1","mn":"ADBE Vector Graphic - Fill","hd":false},{"ty":"tr","p":{"a":0,"k":[41.078,43.734],"ix":2},"a":{"a":0,"k":[0,0],"ix":1},"s":{"a":0,"k":[100,100],"ix":3},"r":{"a":0,"k":0,"ix":6},"o":{"a":0,"k":100,"ix":7},"sk":{"a":0,"k":0,"ix":4},"sa":{"a":0,"k":0,"ix":5},"nm":"Transform"}],"nm":"Group 2","np":2,"cix":2,"bm":0,"ix":2,"mn":"ADBE Vector Group","hd":false}],"ip":0,"op":241,"st":0,"bm":0},{"ddd":0,"ind":12,"ty":4,"nm":"Shape Layer 1","sr":1,"ks":{"o":{"a":0,"k":100,"ix":11},"r":{"a":0,"k":0,"ix":10},"p":{"a":0,"k":[180,320,0],"ix":2},"a":{"a":0,"k":[0,0,0],"ix":1},"s":{"a":0,"k":[100,100,100],"ix":6}},"ao":0,"shapes":[{"ty":"gr","it":[{"ty":"rc","d":1,"s":{"a":0,"k":[360,640],"ix":2},"p":{"a":0,"k":[0,0],"ix":3},"r":{"a":0,"k":0,"ix":4},"nm":"Rectangle Path 1","mn":"ADBE Vector Shape - Rect","hd":false},{"ty":"st","c":{"a":0,"k":[0.07058800342,0.07058800342,0.07058800342,1],"ix":3},"o":{"a":0,"k":100,"ix":4},"w":{"a":0,"k":0,"ix":5},"lc":1,"lj":1,"ml":4,"bm":0,"nm":"Stroke 1","mn":"ADBE Vector Graphic - Stroke","hd":false},{"ty":"fl","c":{"a":0,"k":[0,0,0,1],"ix":4},"o":{"a":0,"k":100,"ix":5},"r":1,"bm":0,"nm":"Fill 1","mn":"ADBE Vector Graphic - Fill","hd":false},{"ty":"tr","p":{"a":0,"k":[0,0],"ix":2},"a":{"a":0,"k":[0,0],"ix":1},"s":{"a":0,"k":[100,100],"ix":3},"r":{"a":0,"k":0,"ix":6},"o":{"a":0,"k":100,"ix":7},"sk":{"a":0,"k":0,"ix":4},"sa":{"a":0,"k":0,"ix":5},"nm":"Transform"}],"nm":"Rectangle 1","np":3,"cix":2,"bm":0,"ix":1,"mn":"ADBE Vector Group","hd":false}],"ip":0,"op":241,"st":0,"bm":0}],"markers":[{"tm":240,"cm":"","dr":0}],"chars":[{"ch":"F","size":20,"style":"Regular","w":63.3,"data":{"shapes":[{"ty":"gr","it":[{"ind":0,"ty":"sh","ix":1,"ks":{"a":0,"k":{"i":[[0,0],[0,0],[0,0],[0,0],[0,0],[0,0],[0,0],[0,0],[0,0],[0,0]],"o":[[0,0],[0,0],[0,0],[0,0],[0,0],[0,0],[0,0],[0,0],[0,0],[0,0]],"v":[[59.821,-64.05],[59.821,-70.496],[11.481,-70.496],[11.481,0],[18.933,0],[18.933,-29.91],[55.389,-29.91],[55.389,-36.356],[18.933,-36.356],[18.933,-64.05]],"c":true},"ix":2},"nm":"F","mn":"ADBE Vector Shape - Group","hd":false}],"nm":"F","np":3,"cix":2,"bm":0,"ix":1,"mn":"ADBE Vector Group","hd":false}]},"fFamily":"Montserrat"},{"ch":"o","size":20,"style":"Regular","w":62.7,"data":{"shapes":[{"ty":"gr","it":[{"ind":0,"ty":"sh","ix":1,"ks":{"a":0,"k":{"i":[[-15.509,0],[0,15.71],[15.509,0],[0,-15.71]],"o":[[15.509,0],[0,-15.71],[-15.509,0],[0,15.71]],"v":[[31.622,0.504],[58.511,-26.486],[31.622,-53.375],[4.633,-26.486]],"c":true},"ix":2},"nm":"o","mn":"ADBE Vector Shape - Group","hd":false},{"ind":1,"ty":"sh","ix":2,"ks":{"a":0,"k":{"i":[[11.279,0],[0,12.387],[-11.279,0],[0,-12.387]],"o":[[-11.279,0],[0,-12.387],[11.279,0],[0,12.387]],"v":[[31.622,-5.841],[11.884,-26.486],[31.622,-47.131],[51.26,-26.486]],"c":true},"ix":2},"nm":"o","mn":"ADBE Vector Shape - Group","hd":false}],"nm":"o","np":5,"cix":2,"bm":0,"ix":1,"mn":"ADBE Vector Group","hd":false}]},"fFamily":"Montserrat"},{"ch":"r","size":20,"style":"Regular","w":39.3,"data":{"shapes":[{"ty":"gr","it":[{"ind":0,"ty":"sh","ix":1,"ks":{"a":0,"k":{"i":[[3.323,-7.05],[0,0],[0,0],[0,0],[0,0],[0,0],[-11.078,0],[-0.604,0],[0,0]],"o":[[0,0],[0,0],[0,0],[0,0],[0,0],[0,-12.488],[0.504,0],[0,0],[-9.769,0]],"v":[[16.818,-42.599],[16.818,-52.972],[9.97,-52.972],[9.97,0],[17.12,0],[17.12,-26.99],[34.946,-46.527],[36.658,-46.426],[36.658,-53.375]],"c":true},"ix":2},"nm":"r","mn":"ADBE Vector Shape - Group","hd":false}],"nm":"r","np":3,"cix":2,"bm":0,"ix":1,"mn":"ADBE Vector Group","hd":false}]},"fFamily":"Montserrat"},{"ch":" ","size":20,"style":"Regular","w":26.2,"data":{},"fFamily":"Montserrat"},{"ch":"B","size":20,"style":"Regular","w":75.4,"data":{"shapes":[{"ty":"gr","it":[{"ind":0,"ty":"sh","ix":1,"ks":{"a":0,"k":{"i":[[9.064,2.014],[0,8.057],[15.71,0],[0,0],[0,0],[0,0],[0,11.984]],"o":[[6.445,-2.618],[0,-11.481],[0,0],[0,0],[0,0],[17.624,0],[0,-9.567]],"v":[[55.893,-36.356],[66.669,-52.368],[41.895,-70.496],[11.481,-70.496],[11.481,0],[43.909,0],[70.395,-18.832]],"c":true},"ix":2},"nm":"B","mn":"ADBE Vector Shape - Group","hd":false},{"ind":1,"ty":"sh","ix":2,"ks":{"a":0,"k":{"i":[[0,0],[0,-8.459],[11.279,0],[0,0],[0,0]],"o":[[11.279,0],[0,8.459],[0,0],[0,0],[0,0]],"v":[[41.391,-64.352],[59.216,-51.562],[41.391,-38.773],[18.933,-38.773],[18.933,-64.352]],"c":true},"ix":2},"nm":"B","mn":"ADBE Vector Shape - Group","hd":false},{"ind":2,"ty":"sh","ix":3,"ks":{"a":0,"k":{"i":[[12.387,0],[0,0],[0,0],[0,0],[0,-9.164]],"o":[[0,0],[0,0],[0,0],[12.387,0],[0,9.265]],"v":[[43.808,-6.143],[18.933,-6.143],[18.933,-32.629],[43.808,-32.629],[62.943,-19.437]],"c":true},"ix":2},"nm":"B","mn":"ADBE Vector Shape - Group","hd":false}],"nm":"B","np":6,"cix":2,"bm":0,"ix":1,"mn":"ADBE Vector Group","hd":false}]},"fFamily":"Montserrat"},{"ch":"a","size":20,"style":"Regular","w":59,"data":{"shapes":[{"ty":"gr","it":[{"ind":0,"ty":"sh","ix":1,"ks":{"a":0,"k":{"i":[[13.696,0],[5.338,-4.532],[0,0],[-6.848,0],[0,-9.064],[0,0],[0,0],[0,-8.157],[-11.984,0],[-3.223,5.438],[0,0],[0,0],[0,0]],"o":[[-8.359,0],[0,0],[4.33,-3.827],[9.869,0],[0,0],[0,0],[-15.207,0],[0,9.164],[8.762,0],[0,0],[0,0],[0,0],[0,-13.696]],"v":[[28.5,-53.375],[6.949,-46.225],[10.172,-40.887],[27.795,-47.131],[42.801,-33.133],[42.801,-29.91],[25.983,-29.91],[5.539,-14.905],[24.875,0.504],[43.103,-8.258],[43.103,0],[49.951,0],[49.951,-32.831]],"c":true},"ix":2},"nm":"a","mn":"ADBE Vector Shape - Group","hd":false},{"ind":1,"ty":"sh","ix":2,"ks":{"a":0,"k":{"i":[[8.057,0],[0,6.143],[-10.272,0],[0,0],[0,0]],"o":[[-8.459,0],[0,-5.438],[0,0],[0,0],[-2.82,6.949]],"v":[[25.983,-5.136],[12.589,-15.106],[26.184,-24.573],[42.801,-24.573],[42.801,-15.912]],"c":true},"ix":2},"nm":"a","mn":"ADBE Vector Shape - Group","hd":false}],"nm":"a","np":5,"cix":2,"bm":0,"ix":1,"mn":"ADBE Vector Group","hd":false}]},"fFamily":"Montserrat"},{"ch":"g","size":20,"style":"Regular","w":68.6,"data":{"shapes":[{"ty":"gr","it":[{"ind":0,"ty":"sh","ix":1,"ks":{"a":0,"k":{"i":[[0,0],[0,0],[8.862,0],[0,-15.207],[-15.106,0],[-4.431,6.747],[0,0],[13.394,0],[5.035,4.532],[0,0],[-9.668,0],[0,18.228],[0,0]],"o":[[0,0],[-4.431,-6.949],[-15.106,0],[0,15.207],[8.661,0],[0,0],[0,13.092],[-8.157,0],[0,0],[5.539,5.237],[17.523,0],[0,0],[0,0]],"v":[[52.167,-52.972],[52.167,-42.801],[31.219,-53.375],[4.633,-27.795],[31.219,-2.014],[51.865,-12.286],[51.865,-5.539],[32.327,13.696],[11.481,6.445],[7.855,11.884],[32.529,20.041],[59.015,-6.445],[59.015,-52.972]],"c":true},"ix":2},"nm":"g","mn":"ADBE Vector Shape - Group","hd":false},{"ind":1,"ty":"sh","ix":2,"ks":{"a":0,"k":{"i":[[11.682,0],[0,11.481],[-11.682,0],[0,-11.481]],"o":[[-11.682,0],[0,-11.481],[11.682,0],[0,11.481]],"v":[[31.924,-8.359],[11.884,-27.795],[31.924,-47.131],[52.066,-27.795]],"c":true},"ix":2},"nm":"g","mn":"ADBE Vector Shape - Group","hd":false}],"nm":"g","np":5,"cix":2,"bm":0,"ix":1,"mn":"ADBE Vector Group","hd":false}]},"fFamily":"Montserrat"},{"ch":"i","size":20,"style":"Regular","w":26.9,"data":{"shapes":[{"ty":"gr","it":[{"ind":0,"ty":"sh","ix":1,"ks":{"a":0,"k":{"i":[[-2.921,0],[0,2.921],[2.921,0],[0,-2.719]],"o":[[3.021,0],[0,-2.719],[-2.921,0],[0,2.82]],"v":[[13.596,-64.554],[18.832,-69.791],[13.596,-74.725],[8.359,-69.69]],"c":true},"ix":2},"nm":"i","mn":"ADBE Vector Shape - Group","hd":false},{"ind":1,"ty":"sh","ix":2,"ks":{"a":0,"k":{"i":[[0,0],[0,0],[0,0],[0,0]],"o":[[0,0],[0,0],[0,0],[0,0]],"v":[[9.97,0],[17.12,0],[17.12,-52.972],[9.97,-52.972]],"c":true},"ix":2},"nm":"i","mn":"ADBE Vector Shape - Group","hd":false}],"nm":"i","np":5,"cix":2,"bm":0,"ix":1,"mn":"ADBE Vector Group","hd":false}]},"fFamily":"Montserrat"},{"ch":"s","size":20,"style":"Regular","w":48.9,"data":{"shapes":[{"ty":"gr","it":[{"ind":0,"ty":"sh","ix":1,"ks":{"a":0,"k":{"i":[[-8.762,0],[0,9.164],[0,14.301],[-9.567,0],[-4.633,-3.223],[0,0],[6.848,0],[0,-8.661],[0,-13.797],[10.071,0],[4.23,3.323],[0,0]],"o":[[13.797,0],[0,-20.343],[0,-5.035],[5.438,0],[0,0],[-4.431,-3.021],[-13.495,0],[0,20.947],[0,5.237],[-7.452,0],[0,0],[4.33,3.726]],"v":[[24.17,0.504],[46.024,-14.603],[11.682,-38.47],[25.479,-47.232],[41.089,-42.7],[44.211,-48.441],[25.479,-53.375],[4.532,-38.269],[38.873,-14.401],[24.673,-5.74],[5.841,-11.682],[2.618,-6.042]],"c":true},"ix":2},"nm":"s","mn":"ADBE Vector Shape - Group","hd":false}],"nm":"s","np":3,"cix":2,"bm":0,"ix":1,"mn":"ADBE Vector Group","hd":false}]},"fFamily":"Montserrat"},{"ch":"t","size":20,"style":"Regular","w":39.2,"data":{"shapes":[{"ty":"gr","it":[{"ind":0,"ty":"sh","ix":1,"ks":{"a":0,"k":{"i":[[0,0],[2.921,0],[0,6.244],[0,0],[0,0],[0,0],[0,0],[0,0],[0,0],[0,0],[0,0],[0,0],[0,0],[0,0],[-9.97,0],[-2.82,2.518]],"o":[[-2.014,1.813],[-5.942,0],[0,0],[0,0],[0,0],[0,0],[0,0],[0,0],[0,0],[0,0],[0,0],[0,0],[0,0],[0,9.769],[4.129,0],[0,0]],"v":[[35.349,-8.359],[27.493,-5.64],[18.329,-15.308],[18.329,-46.93],[34.442,-46.93],[34.442,-52.972],[18.329,-52.972],[18.329,-64.554],[11.179,-64.554],[11.179,-52.972],[1.712,-52.972],[1.712,-46.93],[11.179,-46.93],[11.179,-14.905],[26.688,0.504],[37.866,-3.223]],"c":true},"ix":2},"nm":"t","mn":"ADBE Vector Shape - Group","hd":false}],"nm":"t","np":3,"cix":2,"bm":0,"ix":1,"mn":"ADBE Vector Group","hd":false}]},"fFamily":"Montserrat"}]}